PassengerId,Survived,Pclass,Name,Sex,Age,SibSp,Parch,Ticket,Fare,Embarked_Q,Embarked_S
1,0,3,"Braund, Mr. Owen Harris",0,0.2711736617240513,1,0,A/5 21171,0.11153846153846154,False,True
3,1,3,"Heikkinen, Miss. Laina",1,0.32143754712239253,0,0,STON/O2. 3101282,0.12192307692307693,False,True
4,1,1,"Futrelle, Mrs. Jacques Heath (Lily May Peel)",1,0.43453128926866047,1,0,113803,0.816923076923077,False,True
5,0,3,"Allen, Mr. William Henry",0,0.43453128926866047,0,0,373450,0.12384615384615386,False,True
6,0,3,"Moran, Mr. James",0,0.3465694898215632,0,0,330877,0.1301276923076923,True,False
7,0,1,"McCarthy, Mr. Timothy J",0,0.6732847449107816,0,0,17463,0.7978846153846153,False,True
8,0,3,"Palsson, Master. Gosta Leonard",0,0.01985423473234481,3,1,349909,0.3242307692307692,False,True
9,1,3,"Johnson, Mrs. Oscar W (Elisabeth Vilhelmina Berg)",1,0.33400351847197784,0,2,347742,0.17128153846153846,False,True
10,1,2,"Nasser, Mrs. Nicholas (Adele Achem)",1,0.17064589092736868,1,0,237736,0.4626276923076923,False,False
11,1,3,"Sandstrom, Miss. Marguerite Rut",1,0.04498617743151546,1,1,PP 9549,0.2569230769230769,False,True
12,1,1,"Bonnell, Miss. Elizabeth",1,0.7235486303091229,0,0,113783,0.4084615384615385,False,True
13,0,3,"Saundercock, Mr. William Henry",0,0.24604171902488062,0,0,A/5. 2151,0.12384615384615386,False,True
14,0,3,"Andersson, Mr. Anders Johan",0,0.4847951746670017,1,5,347082,0.48115384615384615,False,True
15,0,3,"Vestrom, Miss. Hulda Amanda Adolfina",1,0.17064589092736868,0,0,350406,0.12083384615384615,False,True
16,1,2,"Hewlett, Mrs. (Mary D Kingcome) ",1,0.6858507162603669,0,0,248706,0.24615384615384617,False,True
17,0,3,"Rice, Master. Eugene",0,0.01985423473234481,4,1,382652,0.4480769230769231,True,False
18,1,2,"Williams, Mr. Charles Eugene",0,0.3465694898215632,0,0,244373,0.2,False,True
19,0,3,"Vander Planke, Mrs. Julius (Emelia Maria Vandemoortele)",1,0.38426740387031916,1,0,345763,0.27692307692307694,False,True
20,1,3,"Masselmani, Mrs. Fatima",1,0.3465694898215632,0,0,2649,0.11115384615384614,False,False
21,0,2,"Fynney, Mr. Joseph J",0,0.43453128926866047,0,0,239865,0.4,False,True
22,1,2,"Beesley, Mr. Lawrence",0,0.42196531791907516,0,0,248698,0.2,False,True
23,1,3,"McGowan, Miss. Anna ""Annie""",1,0.18321186227695402,0,0,330923,0.12352615384615384,True,False
24,1,1,"Sloper, Mr. William Thompson",0,0.3465694898215632,0,0,113788,0.5461538461538461,False,True
25,0,3,"Palsson, Miss. Torborg Danira",1,0.09525006282985675,3,1,349909,0.3242307692307692,False,True
26,1,3,"Asplund, Mrs. Carl Oscar (Selma Augusta Emilia Johansson)",1,0.4722292033174164,1,5,347077,0.48288461538461536,False,True
27,0,3,"Emir, Mr. Farred Chehab",0,0.3465694898215632,0,0,2631,0.11115384615384614,False,False
29,1,3,"O'Dwyer, Miss. Ellen ""Nellie""",1,0.3465694898215632,0,0,330959,0.12121846153846154,True,False
30,0,3,"Todoroff, Mr. Lalio",0,0.3465694898215632,0,0,349216,0.12147384615384615,False,True
31,0,1,"Uruchurtu, Don. Manuel E",0,0.4973611460165871,0,0,PC 17601,0.42647384615384615,False,False
33,1,3,"Glynn, Miss. Mary Agatha",1,0.3465694898215632,0,0,335677,0.11923076923076924,True,False
34,0,2,"Wheadon, Mr. Edward H",0,0.8240764011058055,0,0,C.A. 24579,0.16153846153846155,False,True
36,0,1,"Holverson, Mr. Alexander Oskar",0,0.5224930887157577,1,0,113789,0.8,False,True
37,1,3,"Mamee, Mr. Hanna",0,0.3465694898215632,0,0,2677,0.11121846153846153,False,False
38,0,3,"Cann, Mr. Ernest Charles",0,0.2586076903744659,0,0,A./5. 2152,0.12384615384615386,False,True
39,0,3,"Vander Planke, Miss. Augusta Maria",1,0.22090977632570996,2,0,345764,0.27692307692307694,False,True
40,1,3,"Nicola-Yarred, Miss. Jamila",1,0.17064589092736868,1,0,2651,0.17294923076923077,False,False
41,0,3,"Ahlin, Mrs. Johan (Johanna Persdotter Larsson)",1,0.4973611460165871,1,0,7546,0.14576923076923076,False,True
42,0,2,"Turpin, Mrs. William John Robert (Dorothy Ann Wonnacott)",1,0.33400351847197784,1,0,11668,0.3230769230769231,False,True
43,0,3,"Kraeff, Mr. Theodor",0,0.3465694898215632,0,0,349253,0.12147384615384615,False,False
44,1,2,"Laroche, Miss. Simonne Marie Anne Andree",1,0.032420206081930136,1,2,SC/Paris 2123,0.63968,False,False
45,1,3,"Devaney, Miss. Margaret Delia",1,0.23347574767529528,0,0,330958,0.12121846153846154,True,False
46,0,3,"Rogers, Mr. William John",0,0.3465694898215632,0,0,S.C./A.4. 23567,0.12384615384615386,False,True
47,0,3,"Lennon, Mr. Denis",0,0.3465694898215632,1,0,370371,0.23846153846153847,True,False
48,1,3,"O'Driscoll, Miss. Bridget",1,0.3465694898215632,0,0,14311,0.11923076923076924,True,False
49,0,3,"Samaan, Mr. Youssef",0,0.3465694898215632,2,0,2662,0.33352615384615386,False,False
50,0,3,"Arnold-Franchi, Mrs. Josef (Josefine Franchi)",1,0.22090977632570996,1,0,349237,0.27384615384615385,False,True
51,0,3,"Panula, Master. Juha Niilo",0,0.08268409148027142,4,1,3101295,0.6105769230769231,False,True
52,0,3,"Nosworthy, Mr. Richard Cater",0,0.2586076903744659,0,0,A/4. 39886,0.12,False,True
54,1,2,"Faunthorpe, Mrs. Lizzie (Elizabeth Anne Wilkinson)",1,0.35913546117114853,1,0,2926,0.4,False,True
55,0,1,"Ostby, Mr. Engelhart Cornelius",0,0.8115104297562201,0,1,113509,0.9535261538461538,False,False
56,1,1,"Woolner, Mr. Hugh",0,0.3465694898215632,0,0,19947,0.5461538461538461,False,True
57,1,2,"Rugg, Miss. Emily",1,0.2586076903744659,0,0,C.A. 31026,0.16153846153846155,False,True
58,0,3,"Novel, Mr. Mansouer",0,0.35285247549635584,0,0,2697,0.11121846153846153,False,False
59,1,2,"West, Miss. Constance Mirium",1,0.05755214878110078,1,2,C.A. 34651,0.4269230769230769,False,True
60,0,3,"Goodwin, Master. William Frederick",0,0.13294797687861273,5,2,CA 2144,0.7215384615384615,False,True
61,0,3,"Sirayanian, Mr. Orsen",0,0.2711736617240513,0,0,2669,0.11121846153846153,False,False
64,0,3,"Skoog, Master. Harald",0,0.04498617743151546,3,2,347088,0.4292307692307692,False,True
65,0,1,"Stewart, Mr. Albert A",0,0.3465694898215632,0,0,PC 17605,0.42647384615384615,False,False
66,1,3,"Moubarek, Master. Gerios",0,0.3465694898215632,1,1,2661,0.23455076923076923,False,False
67,1,2,"Nye, Mrs. (Elizabeth Ramell)",1,0.35913546117114853,0,0,C.A. 29395,0.16153846153846155,False,True
68,0,3,"Crease, Mr. Ernest James",0,0.23347574767529528,0,0,S.P. 3464,0.1255123076923077,False,True
69,1,3,"Andersson, Miss. Erna Alexandra",1,0.20834380497612465,4,2,3101281,0.12192307692307693,False,True
70,0,3,"Kink, Mr. Vincenz",0,0.32143754712239253,2,0,315151,0.13326923076923075,False,True
71,0,2,"Jenkin, Mr. Stephen Curnow",0,0.39683337521990447,0,0,C.A. 33111,0.16153846153846155,False,True
72,0,3,"Goodwin, Miss. Lillian Amy",1,0.19577783362653933,5,2,CA 2144,0.7215384615384615,False,True
74,0,3,"Chronopoulos, Mr. Apostolos",0,0.32143754712239253,1,0,2680,0.2223723076923077,False,False
75,1,3,"Bing, Mr. Lee",0,0.39683337521990447,0,0,1601,0.8691661538461539,False,True
76,0,3,"Moen, Mr. Sigurd Hansen",0,0.3088715757728072,0,0,348123,0.1176923076923077,False,True
77,0,3,"Staneff, Mr. Ivan",0,0.3465694898215632,0,0,349208,0.12147384615384615,False,True
78,0,3,"Moutal, Mr. Rahamin Haim",0,0.3465694898215632,0,0,374746,0.12384615384615386,False,True
79,1,2,"Caldwell, Master. Alden Gates",0,0.005152048253329982,0,2,248738,0.4461538461538462,False,True
80,1,3,"Dowdell, Miss. Elizabeth",1,0.37170143252073384,0,0,364516,0.19192307692307692,False,True
81,0,3,"Waelens, Mr. Achille",0,0.2711736617240513,0,0,345767,0.13846153846153847,False,True
82,1,3,"Sheerlinck, Mr. Jan Baptist",0,0.35913546117114853,0,0,345779,0.14615384615384616,False,True
83,1,3,"McDermott, Miss. Brigdet Delia",1,0.3465694898215632,0,0,330932,0.1198076923076923,True,False
84,0,1,"Carrau, Mr. Francisco M",0,0.3465694898215632,0,0,113059,0.7246153846153847,False,True
85,1,2,"Ilett, Miss. Bertha",1,0.20834380497612465,0,0,SO/C 14885,0.16153846153846155,False,True
86,1,3,"Backstrom, Mrs. Karl Alfred (Maria Mathilda Gustafsson)",1,0.4093993465694898,3,0,3101278,0.24384615384615385,False,True
87,0,3,"Ford, Mr. William Neal",0,0.19577783362653933,1,3,W./C. 6608,0.5288461538461539,False,True
88,0,3,"Slocovski, Mr. Selman Francis",0,0.3465694898215632,0,0,SOTON/OQ 392086,0.12384615384615386,False,True
90,0,3,"Celotti, Mr. Francesco",0,0.2963056044232219,0,0,343275,0.12384615384615386,False,True
91,0,3,"Christmann, Mr. Emil",0,0.35913546117114853,0,0,343276,0.12384615384615386,False,True
92,0,3,"Andreasson, Mr. Paul Edvin",0,0.24604171902488062,0,0,347466,0.12083384615384615,False,True
93,0,1,"Chaffee, Mr. Herbert Fuller",0,0.572756974114099,1,0,W.E.P. 5734,0.9411538461538461,False,True
94,0,3,"Dean, Mr. Bertram Frank",0,0.32143754712239253,1,2,C.A. 2315,0.31653846153846155,False,True
95,0,3,"Coxon, Mr. Daniel",0,0.7361146016587082,0,0,364500,0.11153846153846154,False,True
96,0,3,"Shorney, Mr. Charles Joseph",0,0.3465694898215632,0,0,374910,0.12384615384615386,False,True
97,0,1,"Goldschmidt, Mr. George B",0,0.8869062578537321,0,0,PC 17754,0.5331415384615386,False,False
98,1,1,"Greenfield, Mr. William Bertram",0,0.2837396330736366,0,1,PC 17759,0.9747430769230769,False,False
99,1,2,"Doling, Mrs. John T (Ada Julia Bone)",1,0.42196531791907516,0,1,231919,0.35384615384615387,False,True
100,0,2,"Kantor, Mr. Sinai",0,0.42196531791907516,1,0,244367,0.4,False,True
101,0,3,"Petranec, Miss. Matilda",1,0.3465694898215632,0,0,349245,0.12147384615384615,False,True
102,0,3,"Petroff, Mr. Pastcho (""Pentcho"")",0,0.3465694898215632,0,0,349215,0.12147384615384615,False,True
104,0,3,"Johansson, Mr. Gustaf Joel",0,0.4093993465694898,0,0,7540,0.13314153846153845,False,True
105,0,3,"Gustafsson, Mr. Anders Vilhelm",0,0.4596632319678311,2,0,3101276,0.12192307692307693,False,True
106,0,3,"Mionoff, Mr. Stoytcho",0,0.3465694898215632,0,0,349207,0.12147384615384615,False,True
107,1,3,"Salkjelsvik, Miss. Anna Kristine",1,0.2586076903744659,0,0,343120,0.1176923076923077,False,True
108,1,3,"Moss, Mr. Albert Johan",0,0.3465694898215632,0,0,312991,0.11961538461538462,False,True
109,0,3,"Rekic, Mr. Tido",0,0.4722292033174164,0,0,349249,0.12147384615384615,False,True
110,1,3,"Moran, Miss. Bertha",1,0.3465694898215632,1,0,371110,0.37153846153846154,True,False
111,0,1,"Porter, Mr. Walter Chamberlain",0,0.5853229454636844,0,0,110465,0.8,False,True
112,0,3,"Zabour, Miss. Hileni",1,0.17692887660216136,1,0,2665,0.2223723076923077,False,False
113,0,3,"Barton, Mr. David John",0,0.2711736617240513,0,0,324669,0.12384615384615386,False,True
114,0,3,"Jussila, Miss. Katriina",1,0.24604171902488062,1,0,4136,0.15115384615384614,False,True
115,0,3,"Attalah, Miss. Malake",1,0.20834380497612465,0,0,2627,0.22243538461538462,False,False
116,0,3,"Pekoniemi, Mr. Edvard",0,0.2586076903744659,0,0,STON/O 2. 3101294,0.12192307692307693,False,True
117,0,3,"Connors, Mr. Patrick",0,0.8806232721789394,0,0,370369,0.11923076923076924,True,False
118,0,2,"Turpin, Mr. William John Robert",0,0.35913546117114853,1,0,11668,0.3230769230769231,False,True
120,0,3,"Andersson, Miss. Ellis Anna Maria",1,0.01985423473234481,4,2,347082,0.48115384615384615,False,True
122,0,3,"Moore, Mr. Leonard Charles",0,0.3465694898215632,0,0,A4. 54510,0.12384615384615386,False,True
123,0,2,"Nasser, Mr. Nicholas",0,0.40311636089469716,1,0,237736,0.4626276923076923,False,False
124,1,2,"Webber, Miss. Susan",1,0.40311636089469716,0,0,27267,0.2,False,True
126,1,3,"Nicola-Yarred, Master. Elias",0,0.14551394822819805,1,0,2651,0.17294923076923077,False,False
127,0,3,"McMahon, Mr. Martin",0,0.3465694898215632,0,0,370372,0.11923076923076924,True,False
128,1,3,"Madsen, Mr. Fridtjof Arne",0,0.2963056044232219,0,0,C 17369,0.1098723076923077,False,True
129,1,3,"Peter, Miss. Anna",1,0.3465694898215632,1,1,2668,0.34397384615384613,False,False
130,0,3,"Ekstrom, Mr. Johan",0,0.5601910027645137,0,0,347061,0.1073076923076923,False,True
131,0,3,"Drazenoic, Mr. Jozef",0,0.4093993465694898,0,0,349241,0.12147384615384615,False,False
132,0,3,"Coelho, Mr. Domingos Fernandeo",0,0.24604171902488062,0,0,SOTON/O.Q. 3101307,0.10846153846153846,False,True
133,0,3,"Robins, Mrs. Alexander A (Grace Charity Laury)",1,0.5853229454636844,1,0,A/5. 3337,0.2230769230769231,False,True
134,1,2,"Weisz, Mrs. Leopold (Mathilde Francoise Pede)",1,0.35913546117114853,1,0,228414,0.4,False,True
135,0,2,"Sobey, Mr. Samuel James Hayden",0,0.3088715757728072,0,0,C.A. 29178,0.2,False,True
136,0,2,"Richard, Mr. Emile",0,0.2837396330736366,0,0,SC/PARIS 2133,0.23147384615384614,False,False
137,1,1,"Newsom, Miss. Helen Monypeny",1,0.23347574767529528,0,2,11752,0.40435846153846156,False,True
138,0,1,"Futrelle, Mr. Jacques Heath",0,0.4596632319678311,1,0,113803,0.816923076923077,False,True
139,0,3,"Osen, Mr. Olaf Elon",0,0.19577783362653933,0,0,7534,0.1417953846153846,False,True
141,0,3,"Boulos, Mrs. Joseph (Sultana)",1,0.3465694898215632,0,2,2678,0.23455076923076923,False,False
142,1,3,"Nysten, Miss. Anna Sofia",1,0.2711736617240513,0,0,347081,0.11923076923076924,False,True
143,1,3,"Hakkarainen, Mrs. Pekka Pietari (Elin Matilda Dolck)",1,0.2963056044232219,1,0,STON/O2. 3101279,0.24384615384615385,False,True
144,0,3,"Burke, Mr. Jeremiah",0,0.23347574767529528,0,0,365222,0.10384615384615385,True,False
145,0,2,"Andrew, Mr. Edgardo Samuel",0,0.22090977632570996,0,0,231945,0.17692307692307693,False,True
146,0,2,"Nicholls, Mr. Joseph Charles",0,0.23347574767529528,1,1,C.A. 33112,0.5653846153846154,False,True
147,1,3,"Andersson, Mr. August Edvard (""Wennerstrom"")",0,0.33400351847197784,0,0,350043,0.11993538461538461,False,True
148,0,3,"Ford, Miss. Robina Maggie ""Ruby""",1,0.10781603417944208,2,2,W./C. 6608,0.5288461538461539,False,True
149,0,2,"Navratil, Mr. Michel (""Louis M Hoffman"")",0,0.4533802462930384,0,2,230080,0.4,False,True
150,0,2,"Byles, Rev. Thomas Roussel Davids",0,0.5224930887157577,0,0,244310,0.2,False,True
151,0,2,"Bateman, Rev. Robert James",0,0.6355868308620256,0,0,S.O.P. 1166,0.1926923076923077,False,True
153,0,3,"Meo, Mr. Alfonzo",0,0.6921337019351596,0,0,A.5. 11206,0.12384615384615386,False,True
154,0,3,"van Billiard, Mr. Austin Blyler",0,0.5036441316913798,0,2,A/5. 851,0.2230769230769231,False,True
155,0,3,"Olsen, Mr. Ole Martin",0,0.3465694898215632,0,0,Fa 265302,0.1125,False,True
156,0,1,"Williams, Mr. Charles Duane",0,0.6355868308620256,0,1,PC 17597,0.9442953846153845,False,False
157,1,3,"Gilnagh, Miss. Katherine ""Katie""",1,0.19577783362653933,0,0,35851,0.11897384615384615,True,False
158,0,3,"Corn, Mr. Harry",0,0.37170143252073384,0,0,SOTON/OQ 392090,0.12384615384615386,False,True
159,0,3,"Smiljanic, Mr. Mile",0,0.3465694898215632,0,0,315037,0.13326923076923075,False,True
161,0,3,"Cribb, Mr. John Hatfield",0,0.5476250314149284,0,1,371362,0.2476923076923077,False,True
162,1,2,"Watt, Mrs. James (Elizabeth ""Bessie"" Inglis Milne)",1,0.4973611460165871,0,0,C.A. 33595,0.2423076923076923,False,True
163,0,3,"Bengtsson, Mr. John Viktor",0,0.32143754712239253,0,0,347068,0.11961538461538462,False,True
164,0,3,"Calic, Mr. Jovo",0,0.20834380497612465,0,0,315093,0.13326923076923075,False,True
165,0,3,"Panula, Master. Eino Viljami",0,0.007288263382759489,4,1,3101295,0.6105769230769231,False,True
166,1,3,"Goldsmith, Master. Frank John William ""Frankie""",0,0.10781603417944208,0,2,363291,0.31576923076923075,False,True
167,1,1,"Chibnall, Mrs. (Edith Martha Bowerman)",1,0.3465694898215632,0,1,113505,0.8461538461538461,False,True
168,0,3,"Skoog, Mrs. William (Anna Bernhardina Karlsson)",1,0.5601910027645137,1,4,347088,0.4292307692307692,False,True
169,0,1,"Baumann, Mr. John D",0,0.3465694898215632,0,0,PC 17318,0.39884615384615385,False,True
170,0,3,"Ling, Mr. Lee",0,0.3465694898215632,0,0,1601,0.8691661538461539,False,True
171,0,1,"Van der hoef, Mr. Wyckoff",0,0.7612465443578789,0,0,111240,0.5153846153846153,False,True
172,0,3,"Rice, Master. Arthur",0,0.04498617743151546,4,1,382652,0.4480769230769231,True,False
173,1,3,"Johnson, Miss. Eleanor Ileen",1,0.007288263382759489,1,1,347742,0.17128153846153846,False,True
174,0,3,"Sivola, Mr. Antti Wilhelm",0,0.2586076903744659,0,0,STON/O 2. 3101280,0.12192307692307693,False,True
175,0,1,"Smith, Mr. James Clinch",0,0.6984166876099522,0,0,17764,0.4722430769230769,False,False
176,0,3,"Klasen, Mr. Klas Albin",0,0.22090977632570996,1,1,350404,0.12083384615384615,False,True
177,0,3,"Lefebre, Master. Henry Forbes",0,0.3465694898215632,3,1,4133,0.3917953846153846,False,True
178,0,1,"Isham, Miss. Ann Elizabeth",1,0.6230208595124404,0,0,PC 17595,0.4417307692307692,False,False
179,0,2,"Hale, Mr. Reginald",0,0.37170143252073384,0,0,250653,0.2,False,True
180,0,3,"Leonard, Mr. Lionel",0,0.4470972606182458,0,0,LINE,0.0,False,True
182,0,2,"Pernot, Mr. Rene",0,0.3465694898215632,0,0,SC/PARIS 2131,0.23153846153846155,False,False
183,0,3,"Asplund, Master. Clarence Gustaf Hugo",0,0.10781603417944208,4,2,347077,0.48288461538461536,False,True
184,1,2,"Becker, Master. Richard F",0,0.007288263382759489,2,1,230136,0.6,False,True
185,1,3,"Kink-Heilmann, Miss. Luise Gretchen",1,0.04498617743151546,0,2,315153,0.3388461538461538,False,True
186,0,1,"Rood, Mr. Hugh Roscoe",0,0.3465694898215632,0,0,113767,0.7692307692307693,False,True
187,1,3,"O'Brien, Mrs. Thomas (Johanna ""Hannah"" Godfrey)",1,0.3465694898215632,1,0,370365,0.23846153846153847,True,False
188,1,1,"Romaine, Mr. Charles Hallace (""Mr C Rolmane"")",0,0.5601910027645137,0,0,111428,0.4084615384615385,False,True
189,0,3,"Bourke, Mr. John",0,0.4973611460165871,1,1,364849,0.23846153846153847,True,False
190,0,3,"Turcin, Mr. Stjepan",0,0.4470972606182458,0,0,349247,0.12147384615384615,False,True
191,1,2,"Pinsky, Mrs. (Rosa)",1,0.39683337521990447,0,0,234604,0.2,False,True
192,0,2,"Carbines, Mr. William",0,0.23347574767529528,0,0,28424,0.2,False,True
193,1,3,"Andersen-Jensen, Miss. Carla Christine Nielsine",1,0.23347574767529528,1,0,350046,0.12083384615384615,False,True
194,1,2,"Navratil, Master. Michel M",0,0.032420206081930136,1,1,230080,0.4,False,True
195,1,1,"Brown, Mrs. James Joseph (Margaret Tobin)",1,0.5476250314149284,0,0,PC 17610,0.42647384615384615,False,False
197,0,3,"Mernagh, Mr. Robert",0,0.3465694898215632,0,0,368703,0.11923076923076924,True,False
198,0,3,"Olsen, Mr. Karl Siegwart Andreas",0,0.5224930887157577,0,1,4579,0.12929538461538462,False,True
199,1,3,"Madigan, Miss. Margaret ""Maggie""",1,0.3465694898215632,0,0,370370,0.11923076923076924,True,False
200,0,2,"Yrois, Miss. Henriette (""Mrs Harbeck"")",1,0.2963056044232219,0,0,248747,0.2,False,True
201,0,3,"Vande Walle, Mr. Nestor Cyriel",0,0.3465694898215632,0,0,345770,0.14615384615384616,False,True
203,0,3,"Johanson, Mr. Jakob Alfred",0,0.42196531791907516,0,0,3101264,0.09993538461538462,False,True
204,0,3,"Youseff, Mr. Gerious",0,0.5664739884393063,0,0,2628,0.11115384615384614,False,False
205,1,3,"Cohen, Mr. Gurshon ""Gus""",0,0.22090977632570996,0,0,A/5 3540,0.12384615384615386,False,True
206,0,3,"Strom, Miss. Telma Matilda",1,0.01985423473234481,0,1,347054,0.16096153846153846,False,True
207,0,3,"Backstrom, Mr. Karl Alfred",0,0.39683337521990447,1,0,3101278,0.24384615384615385,False,True
208,1,3,"Albimona, Mr. Nassef Cassem",0,0.32143754712239253,0,0,2699,0.2890384615384616,False,False
209,1,3,"Carr, Miss. Helen ""Ellen""",1,0.19577783362653933,0,0,367231,0.11923076923076924,True,False
210,1,1,"Blank, Mr. Henry",0,0.4973611460165871,0,0,112277,0.47692307692307695,False,False
211,0,3,"Ali, Mr. Ahmed",0,0.2963056044232219,0,0,SOTON/O.Q. 3101311,0.10846153846153846,False,True
212,1,2,"Cameron, Miss. Clear Annie",1,0.43453128926866047,0,0,F.C.C. 13528,0.3230769230769231,False,True
213,0,3,"Perkin, Mr. John Henry",0,0.2711736617240513,0,0,A/5 21174,0.11153846153846154,False,True
214,0,2,"Givard, Mr. Hans Kristensen",0,0.37170143252073384,0,0,250646,0.2,False,True
215,0,3,"Kiernan, Mr. Philip",0,0.3465694898215632,1,0,367229,0.11923076923076924,True,False
217,1,3,"Honkanen, Miss. Eliina",1,0.33400351847197784,0,0,STON/O2. 3101283,0.12192307692307693,False,True
218,0,2,"Jacobsohn, Mr. Sidney Samuel",0,0.5224930887157577,1,0,243847,0.4153846153846154,False,True
220,0,2,"Harris, Mr. Walter",0,0.37170143252073384,0,0,W/C 14208,0.16153846153846155,False,True
221,1,3,"Sunderland, Mr. Victor Francis",0,0.19577783362653933,0,0,SOTON/OQ 392089,0.12384615384615386,False,True
222,0,2,"Bracken, Mr. James H",0,0.33400351847197784,0,0,220367,0.2,False,True
223,0,3,"Green, Mr. George Henry",0,0.6355868308620256,0,0,21440,0.12384615384615386,False,True
224,0,3,"Nenkoff, Mr. Christo",0,0.3465694898215632,0,0,349234,0.12147384615384615,False,True
226,0,3,"Berglund, Mr. Karl Ivar Sven",0,0.2711736617240513,0,0,PP 4348,0.14384615384615385,False,True
227,1,2,"Mellors, Mr. William John",0,0.23347574767529528,0,0,SW/PP 751,0.16153846153846155,False,True
228,0,3,"Lovell, Mr. John Hall (""Henry"")",0,0.2523247046996733,0,0,A/5 21173,0.11153846153846154,False,True
229,0,2,"Fahlstrom, Mr. Arne Jonas",0,0.22090977632570996,0,0,236171,0.2,False,True
230,0,3,"Lefebre, Miss. Mathilde",1,0.3465694898215632,3,1,4133,0.3917953846153846,False,True
232,0,3,"Larsson, Mr. Bengt Edvin",0,0.35913546117114853,0,0,347067,0.11961538461538462,False,True
233,0,2,"Sjostedt, Mr. Ernst Adolf",0,0.7361146016587082,0,0,237442,0.2076923076923077,False,True
234,1,3,"Asplund, Miss. Lillian Gertrud",1,0.05755214878110078,4,2,347077,0.48288461538461536,False,True
235,0,2,"Leyson, Mr. Robert William Norman",0,0.2963056044232219,0,0,C.A. 29566,0.16153846153846155,False,True
236,0,3,"Harknett, Miss. Alice Phoebe",1,0.3465694898215632,0,0,W./C. 6609,0.11615384615384615,False,True
237,0,2,"Hold, Mr. Stephen",0,0.5476250314149284,1,0,26707,0.4,False,True
238,1,2,"Collyer, Miss. Marjorie ""Lottie""",1,0.09525006282985675,0,2,C.A. 31921,0.40384615384615385,False,True
239,0,2,"Pengelly, Mr. Frederick William",0,0.23347574767529528,0,0,28665,0.16153846153846155,False,True
240,0,2,"Hunt, Mr. George Henry",0,0.4093993465694898,0,0,SCO/W 1585,0.18884615384615386,False,True
241,0,3,"Zabour, Miss. Thamine",1,0.3465694898215632,1,0,2665,0.2223723076923077,False,False
242,1,3,"Murphy, Miss. Katherine ""Kate""",1,0.3465694898215632,1,0,367230,0.23846153846153847,True,False
243,0,2,"Coleridge, Mr. Reginald Charles",0,0.35913546117114853,0,0,W./C. 14263,0.16153846153846155,False,True
244,0,3,"Maenpaa, Mr. Matti Alexanteri",0,0.2711736617240513,0,0,STON/O 2. 3101275,0.10961538461538461,False,True
245,0,3,"Attalah, Mr. Sleiman",0,0.37170143252073384,0,0,2694,0.11115384615384614,False,False
247,0,3,"Lindahl, Miss. Agda Thorilda Viktoria",1,0.3088715757728072,0,0,347071,0.11961538461538462,False,True
248,1,2,"Hamalainen, Mrs. William (Anna)",1,0.2963056044232219,0,2,250649,0.2230769230769231,False,True
249,1,1,"Beckwith, Mr. Richard Leonard",0,0.4596632319678311,1,1,11751,0.8085261538461539,False,True
250,0,2,"Carter, Rev. Ernest Courtenay",0,0.6732847449107816,1,0,244252,0.4,False,True
251,0,3,"Reed, Mr. James George",0,0.3465694898215632,0,0,362316,0.11153846153846154,False,True
252,0,3,"Strom, Mrs. Wilhelm (Elna Matilda Persson)",1,0.35913546117114853,1,1,347054,0.16096153846153846,False,True
253,0,1,"Stead, Mr. William Thomas",0,0.7738125157074642,0,0,113514,0.4084615384615385,False,True
254,0,3,"Lobb, Mr. William Arthur",0,0.37170143252073384,1,0,A/5. 3336,0.2476923076923077,False,True
255,0,3,"Rosblom, Mrs. Viktor (Helena Wilhelmina)",1,0.5099271173661724,0,2,370129,0.31096153846153846,False,True
256,1,3,"Touma, Mrs. Darwis (Hanne Youssef Razi)",1,0.35913546117114853,0,2,2650,0.23455076923076923,False,False
260,1,2,"Parrish, Mrs. (Lutie Davis)",1,0.6230208595124404,0,1,230433,0.4,False,True
261,0,3,"Smith, Mr. Thomas",0,0.3465694898215632,0,0,384461,0.11923076923076924,True,False
262,1,3,"Asplund, Master. Edvin Rojj Felix",0,0.032420206081930136,4,2,347077,0.48288461538461536,False,True
264,0,1,"Harrison, Mr. William",0,0.4973611460165871,0,0,112059,0.0,False,True
265,0,3,"Henry, Miss. Delia",1,0.3465694898215632,0,0,382649,0.11923076923076924,True,False
266,0,2,"Reeves, Mr. David",0,0.4470972606182458,0,0,C.A. 17248,0.16153846153846155,False,True
267,0,3,"Panula, Mr. Ernesti Arvid",0,0.19577783362653933,4,1,3101295,0.6105769230769231,False,True
268,1,3,"Persson, Mr. Ernst Ulrik",0,0.3088715757728072,1,0,347083,0.11961538461538462,False,True
271,0,1,"Cairns, Mr. Alexander",0,0.3465694898215632,0,0,113798,0.47692307692307695,False,True
272,1,3,"Tornquist, Mr. William Henry",0,0.3088715757728072,0,0,LINE,0.0,False,True
273,1,2,"Mellinger, Mrs. (Elizabeth Anne Maidment)",1,0.5099271173661724,0,1,250644,0.3,False,True
274,0,1,"Natsch, Mr. Charles H",0,0.4596632319678311,0,1,PC 17596,0.45692307692307693,False,False
275,1,3,"Healy, Miss. Hanora ""Nora""",1,0.3465694898215632,0,0,370375,0.11923076923076924,True,False
277,0,3,"Lindblom, Miss. Augusta Charlotta",1,0.5601910027645137,0,0,347073,0.11923076923076924,False,True
278,0,2,"Parkes, Mr. Francis ""Frank""",0,0.3465694898215632,0,0,239853,0.0,False,True
279,0,3,"Rice, Master. Eric",0,0.08268409148027142,4,1,382652,0.4480769230769231,True,False
280,1,3,"Abbott, Mrs. Stanton (Rosa Hunt)",1,0.43453128926866047,1,1,C.A. 2673,0.31153846153846154,False,True
281,0,3,"Duane, Mr. Frank",0,0.8115104297562201,0,0,336439,0.11923076923076924,True,False
282,0,3,"Olsson, Mr. Nils Johan Goransson",0,0.3465694898215632,0,0,347464,0.12083384615384615,False,True
283,0,3,"de Pelsmaeker, Mr. Alfons",0,0.19577783362653933,0,0,345778,0.14615384615384616,False,True
284,1,3,"Dorking, Mr. Edward Arthur",0,0.23347574767529528,0,0,A/5. 10482,0.12384615384615386,False,True
285,0,1,"Smith, Mr. Richard William",0,0.3465694898215632,0,0,113056,0.4,False,True
286,0,3,"Stankovic, Mr. Ivan",0,0.4093993465694898,0,0,349239,0.13326923076923075,False,False
287,1,3,"de Mulder, Mr. Theodore",0,0.37170143252073384,0,0,345774,0.14615384615384616,False,True
288,0,3,"Naidenoff, Mr. Penko",0,0.2711736617240513,0,0,349206,0.12147384615384615,False,True
289,1,2,"Hosono, Mr. Masabumi",0,0.5224930887157577,0,0,237798,0.2,False,True
290,1,3,"Connolly, Miss. Kate",1,0.2711736617240513,0,0,370373,0.11923076923076924,True,False
293,0,2,"Levy, Mr. Rene Jacques",0,0.4470972606182458,0,0,SC/Paris 2163,0.19807692307692307,False,False
294,0,3,"Haas, Miss. Aloisia",1,0.2963056044232219,0,0,349236,0.13615384615384615,False,True
295,0,3,"Mineff, Mr. Ivan",0,0.2963056044232219,0,0,349233,0.12147384615384615,False,True
296,0,1,"Lewy, Mr. Ervin G",0,0.3465694898215632,0,0,PC 17612,0.42647384615384615,False,False
297,0,3,"Hanna, Mr. Mansour",0,0.2900226187484292,0,0,2693,0.11121846153846153,False,False
299,1,1,"Saalfeld, Mr. Adolphe",0,0.3465694898215632,0,0,19988,0.46923076923076923,False,True
301,1,3,"Kelly, Miss. Anna Katherine ""Annie Kate""",1,0.3465694898215632,0,0,9234,0.11923076923076924,True,False
302,1,3,"McCoy, Mr. Bernard",0,0.3465694898215632,2,0,367226,0.3576923076923077,True,False
303,0,3,"Johnson, Mr. William Cahoone Jr",0,0.23347574767529528,0,0,LINE,0.0,False,True
304,1,2,"Keane, Miss. Nora A",1,0.3465694898215632,0,0,226593,0.19,True,False
305,0,3,"Williams, Mr. Howard Hugh ""Harry""",0,0.3465694898215632,0,0,A/5 2466,0.12384615384615386,False,True
309,0,2,"Abelson, Mr. Samuel",0,0.37170143252073384,1,0,P/PP 3381,0.36923076923076925,False,False
310,1,1,"Francatelli, Miss. Laura Mabel",1,0.37170143252073384,0,0,PC 17485,0.8758338461538462,False,False
313,0,2,"Lahtinen, Mrs. William (Anna Sylfven)",1,0.32143754712239253,1,1,250651,0.4,False,True
314,0,3,"Hendekovic, Mr. Ignjac",0,0.3465694898215632,0,0,349243,0.12147384615384615,False,True
315,0,2,"Hart, Mr. Benjamin",0,0.5350590600653431,1,1,F.C.C. 13529,0.40384615384615385,False,True
316,1,3,"Nilsson, Miss. Helmina Josefina",1,0.32143754712239253,0,0,347470,0.12083384615384615,False,True
317,1,2,"Kantor, Mrs. Sinai (Miriam Sternin)",1,0.2963056044232219,1,0,244367,0.4,False,True
318,0,2,"Moraweck, Dr. Ernest",0,0.6732847449107816,0,0,29011,0.2153846153846154,False,True
321,0,3,"Dennis, Mr. Samuel",0,0.2711736617240513,0,0,A/5 21172,0.11153846153846154,False,True
322,0,3,"Danoff, Mr. Yoto",0,0.33400351847197784,0,0,349219,0.12147384615384615,False,True
323,1,2,"Slayter, Miss. Hilda Mary",1,0.37170143252073384,0,0,234818,0.19,True,False
324,1,2,"Caldwell, Mrs. Albert Francis (Sylvia Mae Harbaugh)",1,0.2711736617240513,1,1,248738,0.4461538461538462,False,True
327,0,3,"Nysveen, Mr. Johan Hansen",0,0.7612465443578789,0,0,345364,0.09596153846153846,False,True
328,1,2,"Ball, Mrs. (Ada E Hall)",1,0.4470972606182458,0,0,28551,0.2,False,True
329,1,3,"Goldsmith, Mrs. Frank John (Emily Alice Brown)",1,0.38426740387031916,1,1,363291,0.31576923076923075,False,True
330,1,1,"Hippach, Miss. Jean Gertrude",1,0.19577783362653933,0,1,111361,0.8919876923076923,False,False
331,1,3,"McCoy, Miss. Agnes",1,0.3465694898215632,2,0,367226,0.3576923076923077,True,False
332,0,1,"Partner, Mr. Austen",0,0.5664739884393063,0,0,113043,0.43846153846153846,False,True
334,0,3,"Vander Planke, Mr. Leo Edmondus",0,0.19577783362653933,2,0,345764,0.27692307692307694,False,True
336,0,3,"Denkoff, Mr. Mitto",0,0.3465694898215632,0,0,349225,0.12147384615384615,False,True
339,1,3,"Dahl, Mr. Karl Edwart",0,0.5601910027645137,0,0,7598,0.12384615384615386,False,True
340,0,1,"Blackwell, Mr. Stephen Weart",0,0.5601910027645137,0,0,113784,0.5461538461538461,False,True
341,1,2,"Navratil, Master. Edmond Roger",0,0.01985423473234481,1,1,230080,0.4,False,True
343,0,2,"Collander, Mr. Erik Gustaf",0,0.3465694898215632,0,0,248740,0.2,False,True
344,0,2,"Sedgwick, Mr. Charles Frederick Waddington",0,0.3088715757728072,0,0,244361,0.2,False,True
345,0,2,"Fox, Mr. Stanley Hubert",0,0.4470972606182458,0,0,229236,0.2,False,True
346,1,2,"Brown, Miss. Amelia ""Mildred""",1,0.2963056044232219,0,0,248733,0.2,False,True
347,1,2,"Smith, Miss. Marion Elsie",1,0.4973611460165871,0,0,31418,0.2,False,True
348,1,3,"Davison, Mrs. Thomas Henry (Mary E Finck)",1,0.3465694898215632,1,0,386525,0.2476923076923077,False,True
349,1,3,"Coutts, Master. William Loch ""William""",0,0.032420206081930136,1,1,C.A. 37671,0.24461538461538462,False,True
350,0,3,"Dimic, Mr. Jovan",0,0.5224930887157577,0,0,315088,0.13326923076923075,False,True
351,0,3,"Odahl, Mr. Nils Martin",0,0.2837396330736366,0,0,7267,0.14192307692307693,False,True
352,0,1,"Williams-Lambert, Mr. Fletcher Fellows",0,0.3465694898215632,0,0,113510,0.5384615384615384,False,True
353,0,3,"Elias, Mr. Tannous",0,0.18321186227695402,1,1,2695,0.11121846153846153,False,False
354,0,3,"Arnold-Franchi, Mr. Josef",0,0.3088715757728072,1,0,349237,0.27384615384615385,False,True
355,0,3,"Yousif, Mr. Wazli",0,0.3465694898215632,0,0,2647,0.11115384615384614,False,False
356,0,3,"Vanden Steen, Mr. Leo Peter",0,0.3465694898215632,0,0,345783,0.14615384615384616,False,True
357,1,1,"Bowerman, Miss. Elsie Edith",1,0.2711736617240513,0,1,113505,0.8461538461538461,False,True
358,0,2,"Funk, Miss. Annie Clemmer",1,0.4722292033174164,0,0,237671,0.2,False,True
359,1,3,"McGovern, Miss. Mary",1,0.3465694898215632,0,0,330931,0.12121846153846154,True,False
360,1,3,"Mockler, Miss. Helen Mary ""Ellie""",1,0.3465694898215632,0,0,330980,0.12121846153846154,True,False
361,0,3,"Skoog, Mr. Wilhelm",0,0.4973611460165871,1,4,347088,0.4292307692307692,False,True
362,0,2,"del Carlo, Mr. Sebastiano",0,0.35913546117114853,1,0,SC/PARIS 2167,0.42647384615384615,False,False
363,0,3,"Barbara, Mrs. (Catherine David)",1,0.5601910027645137,0,1,2691,0.2223723076923077,False,False
364,0,3,"Asim, Mr. Adola",0,0.43453128926866047,0,0,SOTON/O.Q. 3101310,0.10846153846153846,False,True
365,0,3,"O'Brien, Mr. Thomas",0,0.3465694898215632,1,0,370365,0.23846153846153847,True,False
366,0,3,"Adahl, Mr. Mauritz Nils Martin",0,0.37170143252073384,0,0,C 7076,0.11153846153846154,False,True
368,1,3,"Moussa, Mrs. (Mantoura Boulos)",1,0.3465694898215632,0,0,2626,0.11121846153846153,False,False
369,1,3,"Jermyn, Miss. Annie",1,0.3465694898215632,0,0,14313,0.11923076923076924,True,False
371,1,1,"Harder, Mr. George Achilles",0,0.3088715757728072,1,0,11765,0.8529492307692307,False,False
372,0,3,"Wiklund, Mr. Jakob Alfred",0,0.22090977632570996,1,0,3101267,0.09993538461538462,False,True
373,0,3,"Beavan, Mr. William Thomas",0,0.23347574767529528,0,0,323951,0.12384615384615386,False,True
375,0,3,"Palsson, Miss. Stina Viola",1,0.032420206081930136,3,1,349909,0.3242307692307692,False,True
377,1,3,"Landergren, Miss. Aurora Adelia",1,0.2711736617240513,0,0,C 7077,0.11153846153846154,False,True
379,0,3,"Betros, Mr. Tannous",0,0.24604171902488062,0,0,2648,0.061730769230769235,False,False
380,0,3,"Gustafsson, Mr. Karl Gideon",0,0.23347574767529528,0,0,347069,0.11961538461538462,False,True
382,1,3,"Nakid, Miss. Maria (""Mary"")",1,0.007288263382759489,0,2,2653,0.24218,False,False
383,0,3,"Tikkanen, Mr. Juho",0,0.39683337521990447,0,0,STON/O 2. 3101293,0.12192307692307693,False,True
384,1,1,"Holverson, Mrs. Alexander Oskar (Mary Aline Towner)",1,0.43453128926866047,1,0,113789,0.8,False,True
385,0,3,"Plotcharsky, Mr. Vasil",0,0.3465694898215632,0,0,349227,0.12147384615384615,False,True
387,0,3,"Goodwin, Master. Sidney Leonard",0,0.007288263382759489,5,2,CA 2144,0.7215384615384615,False,True
388,1,2,"Buss, Miss. Kate",1,0.4470972606182458,0,0,27849,0.2,False,True
389,0,3,"Sadlier, Mr. Matthew",0,0.3465694898215632,0,0,367655,0.11891076923076922,True,False
390,1,2,"Lehmann, Miss. Bertha",1,0.20834380497612465,0,0,SC 1748,0.18461538461538463,False,False
392,1,3,"Jansson, Mr. Carl Olof",0,0.2586076903744659,0,0,350034,0.11993538461538461,False,True
393,0,3,"Gustafsson, Mr. Johan Birger",0,0.3465694898215632,2,0,3101277,0.12192307692307693,False,True
395,1,3,"Sandstrom, Mrs. Hjalmar (Agnes Charlotta Bengtsson)",1,0.2963056044232219,0,2,PP 9549,0.2569230769230769,False,True
396,0,3,"Johansson, Mr. Erik",0,0.2711736617240513,0,0,350052,0.11993538461538461,False,True
397,0,3,"Olsson, Miss. Elina",1,0.38426740387031916,0,0,350407,0.12083384615384615,False,True
398,0,2,"McKane, Mr. Peter David",0,0.572756974114099,0,0,28403,0.4,False,True
399,0,2,"Pain, Dr. Alfred",0,0.2837396330736366,0,0,244278,0.16153846153846155,False,True
400,1,2,"Trout, Mrs. William H (Jessie L)",1,0.3465694898215632,0,0,240929,0.19461538461538463,False,True
401,1,3,"Niskanen, Mr. Juha",0,0.4847951746670017,0,0,STON/O 2. 3101289,0.12192307692307693,False,True
402,0,3,"Adams, Mr. John",0,0.32143754712239253,0,0,341826,0.12384615384615386,False,True
403,0,3,"Jussila, Miss. Mari Aina",1,0.2586076903744659,1,0,4137,0.15115384615384614,False,True
404,0,3,"Hakkarainen, Mr. Pekka Pietari",0,0.3465694898215632,1,0,STON/O2. 3101279,0.24384615384615385,False,True
405,0,3,"Oreskovic, Miss. Marija",1,0.24604171902488062,0,0,315096,0.13326923076923075,False,True
406,0,2,"Gale, Mr. Shadrach",0,0.42196531791907516,1,0,28664,0.3230769230769231,False,True
407,0,3,"Widegren, Mr. Carl/Charles Peter",0,0.6355868308620256,0,0,347064,0.11923076923076924,False,True
408,1,2,"Richards, Master. William Rowe",0,0.032420206081930136,1,1,29106,0.28846153846153844,False,True
409,0,3,"Birkeland, Mr. Hans Martin Monsen",0,0.2586076903744659,0,0,312992,0.11961538461538462,False,True
410,0,3,"Lefebre, Miss. Ida",1,0.3465694898215632,3,1,4133,0.3917953846153846,False,True
411,0,3,"Sdycoff, Mr. Todor",0,0.3465694898215632,0,0,349222,0.12147384615384615,False,True
412,0,3,"Hart, Mr. Henry",0,0.3465694898215632,0,0,394140,0.10551230769230768,True,False
414,0,2,"Cunningham, Mr. Alfred Fleming",0,0.3465694898215632,0,0,239853,0.0,False,True
415,1,3,"Sundman, Mr. Johan Julian",0,0.5476250314149284,0,0,STON/O 2. 3101269,0.12192307692307693,False,True
416,0,3,"Meek, Mrs. Thomas (Annie Louise Rowley)",1,0.3465694898215632,0,0,343095,0.12384615384615386,False,True
417,1,2,"Drew, Mrs. James Vivian (Lulu Thorne Christian)",1,0.42196531791907516,1,1,28220,0.5,False,True
418,1,2,"Silven, Miss. Lyyli Karoliina",1,0.22090977632570996,0,2,250652,0.2,False,True
419,0,2,"Matthews, Mr. William John",0,0.37170143252073384,0,0,28228,0.2,False,True
420,0,3,"Van Impe, Miss. Catharina",1,0.12038200552902739,0,2,345773,0.37153846153846154,False,True
421,0,3,"Gheorgheff, Mr. Stanio",0,0.3465694898215632,0,0,349254,0.12147384615384615,False,False
422,0,3,"Charters, Mr. David",0,0.2586076903744659,0,0,A/5. 13032,0.11897384615384615,True,False
423,0,3,"Zimmerman, Mr. Leo",0,0.35913546117114853,0,0,315082,0.12115384615384615,False,True
424,0,3,"Danbom, Mrs. Ernst Gilbert (Anna Sigrid Maria Brogren)",1,0.3465694898215632,1,1,347080,0.22153846153846155,False,True
425,0,3,"Rosblom, Mr. Viktor Richard",0,0.22090977632570996,1,1,370129,0.31096153846153846,False,True
426,0,3,"Wiseman, Mr. Phillippe",0,0.3465694898215632,0,0,A/4. 34244,0.11153846153846154,False,True
427,1,2,"Clarke, Mrs. Charles V (Ada Maria Winfield)",1,0.3465694898215632,1,0,2003,0.4,False,True
428,1,2,"Phillips, Miss. Kate Florence (""Mrs Kate Louise Phillips Marshall"")",1,0.23347574767529528,0,0,250655,0.4,False,True
429,0,3,"Flynn, Mr. James",0,0.3465694898215632,0,0,364851,0.11923076923076924,True,False
430,1,3,"Pickard, Mr. Berk (Berk Trembisky)",0,0.39683337521990447,0,0,SOTON/O.Q. 392078,0.12384615384615386,False,True
431,1,1,"Bjornstrom-Steffansson, Mr. Mauritz Hakan",0,0.3465694898215632,0,0,110564,0.4084615384615385,False,True
432,1,3,"Thorneycroft, Mrs. Percival (Florence Kate White)",1,0.3465694898215632,1,0,376564,0.2476923076923077,False,True
433,1,2,"Louch, Mrs. Charles Alexander (Alice Adelaide Slow)",1,0.5224930887157577,1,0,SC/AH 3085,0.4,False,True
434,0,3,"Kallio, Mr. Nikolai Erland",0,0.20834380497612465,0,0,STON/O 2. 3101274,0.10961538461538461,False,True
435,0,1,"Silvey, Mr. William Baird",0,0.6230208595124404,1,0,13507,0.86,False,True
437,0,3,"Ford, Miss. Doolina Margaret ""Daisy""",1,0.2586076903744659,2,2,W./C. 6608,0.5288461538461539,False,True
438,1,2,"Richards, Mrs. Sidney (Emily Hocking)",1,0.2963056044232219,2,3,29106,0.28846153846153844,False,True
440,0,2,"Kvillner, Mr. Johan Henrik Johannesson",0,0.38426740387031916,0,0,C.A. 18723,0.16153846153846155,False,True
441,1,2,"Hart, Mrs. Benjamin (Esther Ada Bloomfield)",1,0.5601910027645137,1,1,F.C.C. 13529,0.40384615384615385,False,True
442,0,3,"Hampe, Mr. Leon",0,0.24604171902488062,0,0,345769,0.14615384615384616,False,True
443,0,3,"Petterson, Mr. Johan Emil",0,0.3088715757728072,1,0,347076,0.11961538461538462,False,True
444,1,2,"Reynaldo, Ms. Encarnacion",1,0.3465694898215632,0,0,230434,0.2,False,True
445,1,3,"Johannesen-Bratthammer, Mr. Bernt",0,0.3465694898215632,0,0,65306,0.12480769230769231,False,True
447,1,2,"Mellinger, Miss. Madeleine Violet",1,0.15807991957778336,0,1,250644,0.3,False,True
448,1,1,"Seward, Mr. Frederic Kimber",0,0.42196531791907516,0,0,113794,0.4084615384615385,False,True
449,1,3,"Baclini, Miss. Marie Catherine",1,0.05755214878110078,2,1,2666,0.29628153846153843,False,False
450,1,1,"Peuchen, Major. Arthur Godfrey",0,0.648152802211611,0,0,113786,0.46923076923076923,False,True
451,0,2,"West, Mr. Edwy Arthur",0,0.4470972606182458,1,2,C.A. 34651,0.4269230769230769,False,True
452,0,3,"Hagland, Mr. Ingvald Olai Olsen",0,0.3465694898215632,1,0,65303,0.30718,False,True
453,0,1,"Foreman, Mr. Benjamin Laventall",0,0.37170143252073384,0,0,113051,0.4269230769230769,False,False
455,0,3,"Peduzzi, Mr. Joseph",0,0.3465694898215632,0,0,A/5 2817,0.12384615384615386,False,True
456,1,3,"Jalsevac, Mr. Ivan",0,0.35913546117114853,0,0,349240,0.12147384615384615,False,False
457,0,1,"Millet, Mr. Francis Davis",0,0.8115104297562201,0,0,13509,0.4084615384615385,False,True
458,1,1,"Kenyon, Mrs. Frederick R (Marion)",1,0.3465694898215632,1,0,17464,0.7978846153846153,False,True
459,1,2,"Toomey, Miss. Ellen",1,0.6230208595124404,0,0,F.C.C. 13531,0.16153846153846155,False,True
460,0,3,"O'Connor, Mr. Maurice",0,0.3465694898215632,0,0,371060,0.11923076923076924,True,False
461,1,1,"Anderson, Mr. Harry",0,0.5978889168132696,0,0,19952,0.4084615384615385,False,True
462,0,3,"Morley, Mr. William",0,0.42196531791907516,0,0,364506,0.12384615384615386,False,True
463,0,1,"Gee, Mr. Arthur H",0,0.5853229454636844,0,0,111320,0.5923076923076923,False,True
464,0,2,"Milling, Mr. Jacob Christian",0,0.5978889168132696,0,0,234360,0.2,False,True
465,0,3,"Maisner, Mr. Simon",0,0.3465694898215632,0,0,A/S 2816,0.12384615384615386,False,True
466,0,3,"Goncalves, Mr. Manuel Estanslas",0,0.4722292033174164,0,0,SOTON/O.Q. 3101306,0.10846153846153846,False,True
467,0,2,"Campbell, Mr. William",0,0.3465694898215632,0,0,239853,0.0,False,True
468,0,1,"Smart, Mr. John Montgomery",0,0.6984166876099522,0,0,113792,0.4084615384615385,False,True
469,0,3,"Scanlan, Mr. James",0,0.3465694898215632,0,0,36209,0.11884615384615384,True,False
470,1,3,"Baclini, Miss. Helene Barbara",1,0.004146770545363157,2,1,2666,0.29628153846153843,False,False
471,0,3,"Keefe, Mr. Arthur",0,0.3465694898215632,0,0,323592,0.11153846153846154,False,True
472,0,3,"Cacic, Mr. Luka",0,0.4722292033174164,0,0,315089,0.13326923076923075,False,True
473,1,2,"West, Mrs. Edwy Arthur (Ada Mary Worth)",1,0.4093993465694898,1,2,C.A. 34651,0.4269230769230769,False,True
474,1,2,"Jerwan, Mrs. Amin S (Marie Marthe Thuillard)",1,0.2837396330736366,0,0,SC/AH Basle 541,0.21218,False,False
475,0,3,"Strandberg, Miss. Ida Sofia",1,0.2711736617240513,0,0,7553,0.15134615384615385,False,True
476,0,1,"Clifford, Mr. George Quincy",0,0.3465694898215632,0,0,110465,0.8,False,True
477,0,2,"Renouf, Mr. Peter Henry",0,0.42196531791907516,1,0,31027,0.3230769230769231,False,True
478,0,3,"Braund, Mr. Lewis Richard",0,0.35913546117114853,1,0,3460,0.10839692307692307,False,True
479,0,3,"Karlsson, Mr. Nils August",0,0.2711736617240513,0,0,350060,0.11570461538461539,False,True
480,1,3,"Hirvonen, Miss. Hildur E",1,0.01985423473234481,0,1,3101298,0.18903846153846154,False,True
481,0,3,"Goodwin, Master. Harold Victor",0,0.10781603417944208,5,2,CA 2144,0.7215384615384615,False,True
482,0,2,"Frost, Mr. Anthony Wood ""Archie""",0,0.3465694898215632,0,0,239854,0.0,False,True
483,0,3,"Rouse, Mr. Richard Henry",0,0.6230208595124404,0,0,A/5 3594,0.12384615384615386,False,True
484,1,3,"Turkula, Mrs. (Hedwig)",1,0.7863784870570495,0,0,4134,0.1475,False,True
486,0,3,"Lefebre, Miss. Jeannie",1,0.3465694898215632,3,1,4133,0.3917953846153846,False,True
488,0,1,"Kent, Mr. Edward Austin",0,0.7235486303091229,0,0,11771,0.45692307692307693,False,False
489,0,3,"Somerton, Mr. Francis William",0,0.37170143252073384,0,0,A.5. 18509,0.12384615384615386,False,True
490,1,3,"Coutts, Master. Eden Leslie ""Neville""",0,0.10781603417944208,1,1,C.A. 37671,0.24461538461538462,False,True
491,0,3,"Hagland, Mr. Konrad Mathias Reiersen",0,0.3465694898215632,1,0,65304,0.30718,False,True
492,0,3,"Windelov, Mr. Einar",0,0.2586076903744659,0,0,SOTON/OQ 3101317,0.11153846153846154,False,True
493,0,1,"Molson, Mr. Harry Markland",0,0.6858507162603669,0,0,113787,0.46923076923076923,False,True
494,0,1,"Artagaveytia, Mr. Ramon",0,0.8869062578537321,0,0,PC 17609,0.7616030769230768,False,False
495,0,3,"Stanley, Mr. Edward Roland",0,0.2586076903744659,0,0,A/4 45380,0.12384615384615386,False,True
496,0,3,"Yousseff, Mr. Gerious",0,0.3465694898215632,0,0,2627,0.22243538461538462,False,False
498,0,3,"Shellard, Mr. Frederick William",0,0.3465694898215632,0,0,C.A. 6212,0.2323076923076923,False,True
500,0,3,"Svensson, Mr. Olof",0,0.2963056044232219,0,0,350035,0.11993538461538461,False,True
501,0,3,"Calic, Mr. Petar",0,0.20834380497612465,0,0,315086,0.13326923076923075,False,True
502,0,3,"Canavan, Miss. Mary",1,0.2586076903744659,0,0,364846,0.11923076923076924,True,False
503,0,3,"O'Sullivan, Miss. Bridget Mary",1,0.3465694898215632,0,0,330909,0.11737230769230769,True,False
504,0,3,"Laitinen, Miss. Kristina Sofia",1,0.4596632319678311,0,0,4135,0.1475,False,True
507,1,2,"Quick, Mrs. Frederick Charles (Jane Richards)",1,0.4093993465694898,0,2,26360,0.4,False,True
508,1,1,"Bradley, Mr. George (""George Arthur Brayton"")",0,0.3465694898215632,0,0,111427,0.4084615384615385,False,True
509,0,3,"Olsen, Mr. Henry Margido",0,0.3465694898215632,0,0,C 4001,0.3465384615384615,False,True
510,1,3,"Lang, Mr. Fang",0,0.32143754712239253,0,0,1601,0.8691661538461539,False,True
511,1,3,"Daly, Mr. Eugene Patrick",0,0.35913546117114853,0,0,382651,0.11923076923076924,True,False
512,0,3,"Webber, Mr. James",0,0.3465694898215632,0,0,SOTON/OQ 3101316,0.12384615384615386,False,True
513,1,1,"McGough, Mr. James Robert",0,0.4470972606182458,0,0,PC 17473,0.40442307692307694,False,True
514,1,1,"Rothschild, Mrs. Martin (Elizabeth L. Barrett)",1,0.6732847449107816,1,0,PC 17603,0.9138461538461539,False,False
515,0,3,"Coleff, Mr. Satio",0,0.2963056044232219,0,0,349209,0.11532,False,True
516,0,1,"Walker, Mr. William Anderson",0,0.5853229454636844,0,0,36967,0.5233969230769231,False,True
517,1,2,"Lemore, Mrs. (Amelia Milley)",1,0.42196531791907516,0,0,C.A. 34260,0.16153846153846155,False,True
518,0,3,"Ryan, Mr. Patrick",0,0.3465694898215632,0,0,371110,0.37153846153846154,True,False
519,1,2,"Angle, Mrs. William A (Florence ""Mary"" Agnes Hughes)",1,0.4470972606182458,1,0,226875,0.4,False,True
520,0,3,"Pavlovic, Mr. Stefo",0,0.39683337521990447,0,0,349242,0.12147384615384615,False,True
522,0,3,"Vovk, Mr. Janko",0,0.2711736617240513,0,0,349252,0.12147384615384615,False,True
523,0,3,"Lahoud, Mr. Sarkis",0,0.3465694898215632,0,0,2624,0.11115384615384614,False,False
524,1,1,"Hippach, Mrs. Louis Albert (Ida Sophia Fischer)",1,0.5476250314149284,0,1,111361,0.8919876923076923,False,False
525,0,3,"Kassem, Mr. Fared",0,0.3465694898215632,0,0,2700,0.11121846153846153,False,False
526,0,3,"Farrell, Mr. James",0,0.5036441316913798,0,0,367232,0.11923076923076924,True,False
527,1,2,"Ridsdale, Miss. Lucy",1,0.6230208595124404,0,0,W./C. 14258,0.16153846153846155,False,True
529,0,3,"Salonen, Mr. Johan Werner",0,0.4847951746670017,0,0,3101296,0.12192307692307693,False,True
530,0,2,"Hocking, Mr. Richard George",0,0.2837396330736366,2,1,29104,0.17692307692307693,False,True
531,1,2,"Quick, Miss. Phyllis May",1,0.01985423473234481,1,1,26360,0.4,False,True
532,0,3,"Toufik, Mr. Nakli",0,0.3465694898215632,0,0,2641,0.11121846153846153,False,False
533,0,3,"Elias, Mr. Joseph Jr",0,0.20834380497612465,1,1,2690,0.11121846153846153,False,False
534,1,3,"Peter, Mrs. Catherine (Catherine Rizk)",1,0.3465694898215632,0,2,2668,0.34397384615384613,False,False
535,0,3,"Cacic, Miss. Marija",1,0.37170143252073384,0,0,315084,0.13326923076923075,False,True
536,1,2,"Hart, Miss. Eva Miriam",1,0.08268409148027142,0,2,F.C.C. 13529,0.40384615384615385,False,True
537,0,1,"Butt, Major. Archibald Willingham",0,0.5601910027645137,0,0,113050,0.4084615384615385,False,True
539,0,3,"Risien, Mr. Samuel Beard",0,0.3465694898215632,0,0,364498,0.2230769230769231,False,True
540,1,1,"Frolicher, Miss. Hedwig Margaritha",1,0.2711736617240513,0,2,13568,0.7615384615384615,False,False
542,0,3,"Andersson, Miss. Ingeborg Constanzia",1,0.10781603417944208,4,2,347082,0.48115384615384615,False,True
543,0,3,"Andersson, Miss. Sigrid Elisabeth",1,0.13294797687861273,4,2,347082,0.48115384615384615,False,True
544,1,2,"Beane, Mr. Edward",0,0.39683337521990447,1,0,2908,0.4,False,True
546,0,1,"Nicholson, Mr. Arthur Ernest",0,0.7989444584066349,0,0,693,0.4,False,True
547,1,2,"Beane, Mrs. Edward (Ethel Clarke)",1,0.23347574767529528,1,0,2908,0.4,False,True
548,1,2,"Padro y Manent, Mr. Julian",0,0.3465694898215632,0,0,SC/PARIS 2146,0.21326923076923077,False,False
549,0,3,"Goldsmith, Mr. Frank John",0,0.4093993465694898,1,1,363291,0.31576923076923075,False,True
550,1,2,"Davies, Master. John Morgan Jr",0,0.09525006282985675,1,1,C.A. 33112,0.5653846153846154,False,True
552,0,2,"Sharp, Mr. Percival James R",0,0.33400351847197784,0,0,244358,0.4,False,True
553,0,3,"O'Brien, Mr. Timothy",0,0.3465694898215632,0,0,330979,0.12044923076923077,True,False
554,1,3,"Leeni, Mr. Fahim (""Philip Zenni"")",0,0.2711736617240513,0,0,2620,0.11115384615384614,False,False
555,1,3,"Ohman, Miss. Velin",1,0.2711736617240513,0,0,347085,0.11961538461538462,False,True
556,0,1,"Wright, Mr. George",0,0.7738125157074642,0,0,113807,0.4084615384615385,False,True
557,1,1,"Duff Gordon, Lady. (Lucille Christiana Sutherland) (""Mrs Morgan"")",1,0.5978889168132696,1,0,11755,0.6092307692307692,False,False
560,1,3,"de Messemaeker, Mrs. Guillaume Joseph (Emma)",1,0.4470972606182458,1,0,345572,0.2676923076923077,False,True
561,0,3,"Morrow, Mr. Thomas Rowan",0,0.3465694898215632,0,0,372622,0.11923076923076924,True,False
562,0,3,"Sivic, Mr. Husein",0,0.4973611460165871,0,0,349251,0.12147384615384615,False,True
563,0,2,"Norman, Mr. Robert Douglas",0,0.3465694898215632,0,0,218629,0.2076923076923077,False,True
564,0,3,"Simmons, Mr. John",0,0.3465694898215632,0,0,SOTON/OQ 392082,0.12384615384615386,False,True
565,0,3,"Meanwell, Miss. (Marion Ogden)",1,0.3465694898215632,0,0,SOTON/O.Q. 392087,0.12384615384615386,False,True
566,0,3,"Davies, Mr. Alfred J",0,0.2963056044232219,2,0,A/4 48871,0.37153846153846154,False,True
567,0,3,"Stoytcheff, Mr. Ilia",0,0.23347574767529528,0,0,349205,0.12147384615384615,False,True
568,0,3,"Palsson, Mrs. Nils (Alma Cornelia Berglund)",1,0.35913546117114853,0,4,349909,0.3242307692307692,False,True
569,0,3,"Doharr, Mr. Tannous",0,0.3465694898215632,0,0,2686,0.11121846153846153,False,False
570,1,3,"Jonsson, Mr. Carl",0,0.39683337521990447,0,0,350417,0.12083384615384615,False,True
571,1,2,"Harris, Mr. George",0,0.7738125157074642,0,0,S.W./PP 752,0.16153846153846155,False,True
572,1,1,"Appleton, Mrs. Edward Dale (Charlotte Lamson)",1,0.6607187735611962,2,0,11769,0.7919876923076923,False,True
573,1,1,"Flynn, Mr. John Irwin (""Irving"")",0,0.4470972606182458,0,0,PC 17474,0.40596153846153843,False,True
574,1,3,"Kelly, Miss. Mary",1,0.3465694898215632,0,0,14312,0.11923076923076924,True,False
575,0,3,"Rush, Mr. Alfred George John",0,0.19577783362653933,0,0,A/4. 20589,0.12384615384615386,False,True
576,0,3,"Patchett, Mr. George",0,0.23347574767529528,0,0,358585,0.2230769230769231,False,True
577,1,2,"Garside, Miss. Ethel",1,0.42196531791907516,0,0,243880,0.2,False,True
578,1,1,"Silvey, Mrs. William Baird (Alice Munger)",1,0.4847951746670017,1,0,13507,0.86,False,True
579,0,3,"Caram, Mrs. Joseph (Maria Elias)",1,0.3465694898215632,1,0,2689,0.22243538461538462,False,False
580,1,3,"Jussila, Mr. Eiriik",0,0.39683337521990447,0,0,STON/O 2. 3101286,0.12192307692307693,False,True
581,1,2,"Christy, Miss. Julie Rachel",1,0.3088715757728072,1,1,237789,0.46153846153846156,False,True
583,0,2,"Downton, Mr. William James",0,0.6732847449107816,0,0,28403,0.4,False,True
584,0,1,"Ross, Mr. John Hugo",0,0.4470972606182458,0,0,13049,0.6173076923076923,False,False
585,0,3,"Paulner, Mr. Uscher",0,0.3465694898215632,0,0,3411,0.13403846153846155,False,False
587,0,2,"Jarvis, Mr. John Denzil",0,0.5853229454636844,0,0,237565,0.23076923076923078,False,True
589,0,3,"Gilinski, Mr. Eliezer",0,0.2711736617240513,0,0,14973,0.12384615384615386,False,True
590,0,3,"Murdlin, Mr. Joseph",0,0.3465694898215632,0,0,A./5. 3235,0.12384615384615386,False,True
591,0,3,"Rintamaki, Mr. Matti",0,0.43453128926866047,0,0,STON/O 2. 3101273,0.10961538461538461,False,True
593,0,3,"Elsbury, Mr. William James",0,0.5853229454636844,0,0,A/5 3902,0.11153846153846154,False,True
594,0,3,"Bourke, Miss. Mary",1,0.3465694898215632,0,2,364848,0.11923076923076924,True,False
595,0,2,"Chapman, Mr. John Henry",0,0.4596632319678311,1,0,SC/AH 29037,0.4,False,True
596,0,3,"Van Impe, Mr. Jean Baptiste",0,0.4470972606182458,1,1,345773,0.37153846153846154,False,True
597,1,2,"Leitch, Miss. Jessie Wills",1,0.3465694898215632,0,0,248727,0.5076923076923077,False,True
598,0,3,"Johnson, Mr. Alfred",0,0.610454888162855,0,0,LINE,0.0,False,True
599,0,3,"Boulos, Mr. Hanna",0,0.3465694898215632,0,0,2664,0.11115384615384614,False,False
600,1,1,"Duff Gordon, Sir. Cosmo Edmund (""Mr Morgan"")",0,0.610454888162855,1,0,PC 17485,0.8758338461538462,False,False
601,1,2,"Jacobsohn, Mrs. Sidney Samuel (Amy Frances Christy)",1,0.2963056044232219,2,1,243847,0.4153846153846154,False,True
602,0,3,"Slabenoff, Mr. Petco",0,0.3465694898215632,0,0,349214,0.12147384615384615,False,True
603,0,1,"Harrington, Mr. Charles H",0,0.3465694898215632,0,0,113796,0.6523076923076923,False,True
604,0,3,"Torber, Mr. Ernst William",0,0.5476250314149284,0,0,364511,0.12384615384615386,False,True
605,1,1,"Homer, Mr. Harry (""Mr E Haven"")",0,0.43453128926866047,0,0,111426,0.4084615384615385,False,False
606,0,3,"Lindell, Mr. Edvard Bengtsson",0,0.4470972606182458,1,0,349910,0.23923076923076925,False,True
607,0,3,"Karaic, Mr. Milan",0,0.37170143252073384,0,0,349246,0.12147384615384615,False,True
608,1,1,"Daniel, Mr. Robert Williams",0,0.33400351847197784,0,0,113804,0.46923076923076923,False,True
609,1,2,"Laroche, Mrs. Joseph (Juliette Marie Louise Lafargue)",1,0.2711736617240513,1,2,SC/Paris 2123,0.63968,False,False
611,0,3,"Andersson, Mrs. Anders Johan (Alfrida Konstantia Brogren)",1,0.4847951746670017,1,5,347082,0.48115384615384615,False,True
612,0,3,"Jardin, Mr. Jose Neto",0,0.3465694898215632,0,0,SOTON/O.Q. 3101305,0.10846153846153846,False,True
613,1,3,"Murphy, Miss. Margaret Jane",1,0.3465694898215632,1,0,367230,0.23846153846153847,True,False
614,0,3,"Horgan, Mr. John",0,0.3465694898215632,0,0,370377,0.11923076923076924,True,False
615,0,3,"Brocklebank, Mr. William Alfred",0,0.43453128926866047,0,0,364512,0.12384615384615386,False,True
616,1,2,"Herman, Miss. Alice",1,0.2963056044232219,1,2,220845,1.0,False,True
617,0,3,"Danbom, Mr. Ernst Gilbert",0,0.42196531791907516,1,1,347080,0.22153846153846155,False,True
618,0,3,"Lobb, Mrs. William Arthur (Cordelia K Stanlick)",1,0.32143754712239253,1,0,A/5. 3336,0.2476923076923077,False,True
619,1,2,"Becker, Miss. Marion Louise",1,0.04498617743151546,2,1,230136,0.6,False,True
620,0,2,"Gavey, Mr. Lawrence",0,0.32143754712239253,0,0,31028,0.16153846153846155,False,True
621,0,3,"Yasbeck, Mr. Antoni",0,0.33400351847197784,1,0,2659,0.2223723076923077,False,False
622,1,1,"Kimball, Mr. Edwin Nelson Jr",0,0.5224930887157577,1,0,11753,0.8085261538461539,False,True
623,1,3,"Nakid, Mr. Sahid",0,0.24604171902488062,1,1,2653,0.24218,False,False
624,0,3,"Hansen, Mr. Henry Damsgaard",0,0.2586076903744659,0,0,350029,0.12083384615384615,False,True
625,0,3,"Bowen, Mr. David John ""Dai""",0,0.2586076903744659,0,0,54636,0.2476923076923077,False,True
626,0,1,"Sutton, Mr. Frederick",0,0.7612465443578789,0,0,36963,0.4972430769230769,False,True
627,0,2,"Kirkland, Rev. Charles Leonard",0,0.7109826589595376,0,0,219533,0.19,True,False
629,0,3,"Bostandyeff, Mr. Guentcho",0,0.32143754712239253,0,0,349224,0.12147384615384615,False,True
630,0,3,"O'Connell, Mr. Patrick D",0,0.3465694898215632,0,0,334912,0.11897384615384615,True,False
631,1,1,"Barkworth, Mr. Algernon Henry Wilson",0,1.0,0,0,27042,0.46153846153846156,False,True
632,0,3,"Lundahl, Mr. Johan Svensson",0,0.6355868308620256,0,0,347743,0.10852615384615384,False,True
633,1,1,"Stahelin-Maeglin, Dr. Max",0,0.39683337521990447,0,0,13214,0.46923076923076923,False,False
634,0,1,"Parr, Mr. William Henry Marsh",0,0.3465694898215632,0,0,112052,0.0,False,True
635,0,3,"Skoog, Miss. Mabel",1,0.10781603417944208,3,2,347088,0.4292307692307692,False,True
636,1,2,"Davis, Miss. Mary",1,0.3465694898215632,0,0,237668,0.2,False,True
637,0,3,"Leinonen, Mr. Antti Gustaf",0,0.39683337521990447,0,0,STON/O 2. 3101292,0.12192307692307693,False,True
638,0,2,"Collyer, Mr. Harvey",0,0.38426740387031916,1,1,C.A. 31921,0.40384615384615385,False,True
639,0,3,"Panula, Mrs. Juha (Maria Emilia Ojala)",1,0.5099271173661724,0,5,3101295,0.6105769230769231,False,True
640,0,3,"Thorneycroft, Mr. Percival",0,0.3465694898215632,1,0,376564,0.2476923076923077,False,True
641,0,3,"Jensen, Mr. Hans Peder",0,0.24604171902488062,0,0,350050,0.12083384615384615,False,True
643,0,3,"Skoog, Miss. Margit Elizabeth",1,0.01985423473234481,3,2,347088,0.4292307692307692,False,True
644,1,3,"Foo, Mr. Choong",0,0.3465694898215632,0,0,1601,0.8691661538461539,False,True
645,1,3,"Baclini, Miss. Eugenie",1,0.004146770545363157,2,1,2666,0.29628153846153843,False,False
647,0,3,"Cor, Mr. Liudevit",0,0.23347574767529528,0,0,349231,0.12147384615384615,False,True
648,1,1,"Simonius-Blumer, Col. Oberst Alfons",0,0.6984166876099522,0,0,13213,0.5461538461538461,False,False
649,0,3,"Willey, Mr. Edward",0,0.3465694898215632,0,0,S.O./P.P. 751,0.11615384615384615,False,True
650,1,3,"Stanley, Miss. Amy Zillah Elsie",1,0.2837396330736366,0,0,CA. 2314,0.11615384615384615,False,True
651,0,3,"Mitkoff, Mr. Mito",0,0.3465694898215632,0,0,349221,0.12147384615384615,False,True
652,1,2,"Doling, Miss. Elsie",1,0.22090977632570996,0,1,231919,0.35384615384615387,False,True
653,0,3,"Kalvik, Mr. Johannes Halvorsen",0,0.2586076903744659,0,0,8475,0.1297430769230769,False,True
654,1,3,"O'Leary, Miss. Hanora ""Norah""",1,0.3465694898215632,0,0,330919,0.12044923076923077,True,False
655,0,3,"Hegarty, Miss. Hanora ""Nora""",1,0.22090977632570996,0,0,365226,0.10384615384615385,True,False
657,0,3,"Radeff, Mr. Alexander",0,0.3465694898215632,0,0,349223,0.12147384615384615,False,True
658,0,3,"Bourke, Mrs. John (Catherine)",1,0.39683337521990447,1,1,364849,0.23846153846153847,True,False
659,0,2,"Eitemiller, Mr. George Floyd",0,0.2837396330736366,0,0,29751,0.2,False,True
662,0,3,"Badt, Mr. Mohamed",0,0.4973611460165871,0,0,2623,0.11115384615384614,False,False
663,0,1,"Colley, Mr. Edward Pomeroy",0,0.5853229454636844,0,0,5727,0.39365384615384613,False,True
664,0,3,"Coleff, Mr. Peju",0,0.4470972606182458,0,0,349210,0.11532,False,True
665,1,3,"Lindqvist, Mr. Eino William",0,0.24604171902488062,1,0,STON/O 2. 3101285,0.12192307692307693,False,True
667,0,2,"Butler, Mr. Reginald Fenton",0,0.3088715757728072,0,0,234686,0.2,False,True
668,0,3,"Rommetvedt, Mr. Knud Paust",0,0.3465694898215632,0,0,312993,0.11961538461538462,False,True
669,0,3,"Cook, Mr. Jacob",0,0.5350590600653431,0,0,A/5 3536,0.12384615384615386,False,True
670,1,1,"Taylor, Mrs. Elmer Zebley (Juliet Cummins Wright)",1,0.3465694898215632,1,0,19996,0.8,False,True
671,1,2,"Brown, Mrs. Thomas William Solomon (Elizabeth Catherine Ford)",1,0.4973611460165871,1,1,29750,0.6,False,True
672,0,1,"Davidson, Mr. Thornton",0,0.38426740387031916,1,0,F.C. 12750,0.8,False,True
673,0,2,"Mitchell, Mr. Henry Michael",0,0.8743402865041467,0,0,C.A. 24580,0.16153846153846155,False,True
674,1,2,"Wilhelms, Mr. Charles",0,0.38426740387031916,0,0,244270,0.2,False,True
675,0,2,"Watson, Mr. Ennis Hastings",0,0.3465694898215632,0,0,239856,0.0,False,True
676,0,3,"Edvardsson, Mr. Gustaf Hjalmar",0,0.22090977632570996,0,0,349912,0.11961538461538462,False,True
677,0,3,"Sawyer, Mr. Frederick Charles",0,0.3025885900980146,0,0,342826,0.12384615384615386,False,True
678,1,3,"Turja, Miss. Anna Sofia",1,0.22090977632570996,0,0,4138,0.1514107692307692,False,True
679,0,3,"Goodwin, Mrs. Frederick (Augusta Tyler)",1,0.5350590600653431,1,6,CA 2144,0.7215384615384615,False,True
681,0,3,"Peters, Miss. Katie",1,0.3465694898215632,0,0,330935,0.12519230769230769,True,False
683,0,3,"Olsvigen, Mr. Thor Anderson",0,0.24604171902488062,0,0,6563,0.14192307692307693,False,True
684,0,3,"Goodwin, Mr. Charles Edward",0,0.17064589092736868,5,2,CA 2144,0.7215384615384615,False,True
685,0,2,"Brown, Mr. Thomas William Solomon",0,0.7486805730082935,1,1,29750,0.6,False,True
686,0,2,"Laroche, Mr. Joseph Philippe Lemercier",0,0.3088715757728072,1,2,SC/Paris 2123,0.63968,False,False
687,0,3,"Panula, Mr. Jaako Arnold",0,0.17064589092736868,4,1,3101295,0.6105769230769231,False,True
688,0,3,"Dakic, Mr. Branko",0,0.23347574767529528,0,0,349228,0.15647384615384616,False,True
689,0,3,"Fischer, Mr. Eberhard Thelander",0,0.22090977632570996,0,0,350036,0.11993538461538461,False,True
691,1,1,"Dick, Mr. Albert Adrian",0,0.38426740387031916,1,0,17474,0.8769230769230769,False,True
692,1,3,"Karun, Miss. Manca",1,0.04498617743151546,0,1,349256,0.20641076923076923,False,False
693,1,3,"Lam, Mr. Ali",0,0.3465694898215632,0,0,1601,0.8691661538461539,False,True
694,0,3,"Saad, Mr. Khalil",0,0.3088715757728072,0,0,2672,0.11115384615384614,False,False
695,0,1,"Weir, Col. John",0,0.7486805730082935,0,0,113800,0.4084615384615385,False,True
696,0,2,"Chapman, Mr. Charles Henry",0,0.648152802211611,0,0,248731,0.2076923076923077,False,True
697,0,3,"Kelly, Mr. James",0,0.5476250314149284,0,0,363592,0.12384615384615386,False,True
698,1,3,"Mullens, Miss. Katherine ""Katie""",1,0.3465694898215632,0,0,35852,0.11897384615384615,True,False
700,0,3,"Humblen, Mr. Adolf Mathias Nicolai Olsen",0,0.5224930887157577,0,0,348121,0.1176923076923077,False,True
702,1,1,"Silverthorne, Mr. Spencer Victor",0,0.43453128926866047,0,0,PC 17475,0.40442307692307694,False,True
703,0,3,"Barbara, Miss. Saiide",1,0.22090977632570996,0,1,2691,0.2223723076923077,False,False
704,0,3,"Gallagher, Mr. Martin",0,0.3088715757728072,0,0,36864,0.11910307692307692,True,False
705,0,3,"Hansen, Mr. Henrik Juul",0,0.32143754712239253,1,0,350025,0.12083384615384615,False,True
706,0,2,"Morley, Mr. Henry Samuel (""Mr Henry Marshall"")",0,0.4847951746670017,0,0,250655,0.4,False,True
707,1,2,"Kelly, Mrs. Florence ""Fannie""",1,0.5601910027645137,0,0,223596,0.2076923076923077,False,True
708,1,1,"Calderhead, Mr. Edward Pennington",0,0.5224930887157577,0,0,PC 17476,0.40442307692307694,False,True
710,1,3,"Moubarek, Master. Halim Gonios (""William George"")",0,0.3465694898215632,1,1,2661,0.23455076923076923,False,False
711,1,1,"Mayne, Mlle. Berthe Antonine (""Mrs de Villiers"")",1,0.2963056044232219,0,0,PC 17482,0.7616030769230768,False,False
712,0,1,"Klaber, Mr. Herman",0,0.3465694898215632,0,0,113028,0.4084615384615385,False,True
713,1,1,"Taylor, Mr. Elmer Zebley",0,0.5978889168132696,1,0,19996,0.8,False,True
714,0,3,"Larsson, Mr. August Viktor",0,0.35913546117114853,0,0,7545,0.14589692307692306,False,True
715,0,2,"Greenberg, Mr. Samuel",0,0.648152802211611,0,0,250647,0.2,False,True
716,0,3,"Soholt, Mr. Peter Andreas Lauritz Andersen",0,0.23347574767529528,0,0,348124,0.1176923076923077,False,True
718,1,2,"Troutt, Miss. Edwina Celia ""Winnie""",1,0.33400351847197784,0,0,34218,0.16153846153846155,False,True
719,0,3,"McEvoy, Mr. Michael",0,0.3465694898215632,0,0,36568,0.23846153846153847,True,False
720,0,3,"Johnson, Mr. Malkolm Joackim",0,0.4093993465694898,0,0,347062,0.11961538461538462,False,True
721,1,2,"Harper, Miss. Annie Jessie ""Nina""",1,0.0701181201306861,0,1,248727,0.5076923076923077,False,True
722,0,3,"Jensen, Mr. Svend Lauritz",0,0.20834380497612465,1,0,350048,0.10852615384615384,False,True
723,0,2,"Gillespie, Mr. William Henry",0,0.42196531791907516,0,0,12233,0.2,False,True
724,0,2,"Hodges, Mr. Henry Price",0,0.6230208595124404,0,0,250643,0.2,False,True
725,1,1,"Chambers, Mr. Norman Campbell",0,0.33400351847197784,1,0,113806,0.816923076923077,False,True
726,0,3,"Oreskovic, Mr. Luka",0,0.24604171902488062,0,0,315094,0.13326923076923075,False,True
727,1,2,"Renouf, Mrs. Peter Henry (Lillian Jefferys)",1,0.37170143252073384,3,0,31027,0.3230769230769231,False,True
728,1,3,"Mannion, Miss. Margareth",1,0.3465694898215632,0,0,36866,0.11903846153846154,True,False
729,0,2,"Bryhl, Mr. Kurt Arnold Gottfrid",0,0.3088715757728072,1,0,236853,0.4,False,True
730,0,3,"Ilmakangas, Miss. Pieta Sofia",1,0.3088715757728072,1,0,STON/O2. 3101271,0.12192307692307693,False,True
732,0,3,"Hassan, Mr. Houssein G N",0,0.13294797687861273,0,0,2699,0.2890384615384616,False,False
733,0,2,"Knight, Mr. Robert J",0,0.3465694898215632,0,0,239855,0.0,False,True
734,0,2,"Berriman, Mr. William John",0,0.2837396330736366,0,0,28425,0.2,False,True
735,0,2,"Troupiansky, Mr. Moses Aaron",0,0.2837396330736366,0,0,233639,0.2,False,True
736,0,3,"Williams, Mr. Leslie",0,0.35285247549635584,0,0,54636,0.2476923076923077,False,True
737,0,3,"Ford, Mrs. Edward (Margaret Ann Watson)",1,0.5978889168132696,1,3,W./C. 6608,0.5288461538461539,False,True
739,0,3,"Ivanoff, Mr. Kanio",0,0.3465694898215632,0,0,349201,0.12147384615384615,False,True
740,0,3,"Nankoff, Mr. Minko",0,0.3465694898215632,0,0,349218,0.12147384615384615,False,True
741,1,1,"Hawksford, Mr. Walter James",0,0.3465694898215632,0,0,16988,0.46153846153846156,False,True
744,0,3,"McNamee, Mr. Neal",0,0.2963056044232219,1,0,376566,0.2476923076923077,False,True
745,1,3,"Stranden, Mr. Juho",0,0.38426740387031916,0,0,STON/O 2. 3101288,0.12192307692307693,False,True
747,0,3,"Abbott, Mr. Rossmore Edward",0,0.19577783362653933,1,1,C.A. 2673,0.31153846153846154,False,True
748,1,2,"Sinkkonen, Miss. Anna",1,0.37170143252073384,0,0,250648,0.2,False,True
749,0,1,"Marvin, Mr. Daniel Warner",0,0.23347574767529528,1,0,113773,0.816923076923077,False,True
750,0,3,"Connaghton, Mr. Michael",0,0.38426740387031916,0,0,335097,0.11923076923076924,True,False
751,1,2,"Wells, Miss. Joan",1,0.04498617743151546,1,1,29103,0.35384615384615387,False,True
752,1,3,"Moor, Master. Meier",0,0.0701181201306861,0,1,392096,0.19192307692307692,False,True
753,0,3,"Vande Velde, Mr. Johannes Joseph",0,0.4093993465694898,0,0,345780,0.14615384615384616,False,True
754,0,3,"Jonkoff, Mr. Lalio",0,0.2837396330736366,0,0,349204,0.12147384615384615,False,True
755,1,2,"Herman, Mrs. Samuel (Jane Laver)",1,0.5978889168132696,1,2,220845,1.0,False,True
756,1,2,"Hamalainen, Master. Viljo",0,0.0031414928373963316,1,1,250649,0.2230769230769231,False,True
757,0,3,"Carlsson, Mr. August Sigfrid",0,0.3465694898215632,0,0,350042,0.11993538461538461,False,True
758,0,2,"Bailey, Mr. Percy Andrew",0,0.22090977632570996,0,0,29108,0.17692307692307693,False,True
759,0,3,"Theobald, Mr. Thomas Leonard",0,0.42196531791907516,0,0,363294,0.12384615384615386,False,True
761,0,3,"Garfirth, Mr. John",0,0.3465694898215632,0,0,358585,0.2230769230769231,False,True
762,0,3,"Nirva, Mr. Iisakki Antino Aijo",0,0.5099271173661724,0,0,SOTON/O2 3101272,0.10961538461538461,False,True
763,1,3,"Barah, Mr. Hanna Assi",0,0.24604171902488062,0,0,2663,0.11121846153846153,False,False
765,0,3,"Eklund, Mr. Hans Linus",0,0.19577783362653933,0,0,347074,0.11961538461538462,False,True
767,0,1,"Brewe, Dr. Arthur Jackson",0,0.3465694898215632,0,0,112379,0.6092307692307692,False,False
768,0,3,"Mangan, Miss. Mary",1,0.37798441819552653,0,0,364850,0.11923076923076924,True,False
769,0,3,"Moran, Mr. Daniel J",0,0.3465694898215632,1,0,371110,0.37153846153846154,True,False
770,0,3,"Gronnestad, Mr. Daniel Danielsen",0,0.39683337521990447,0,0,8471,0.12865384615384617,False,True
771,0,3,"Lievens, Mr. Rene Aime",0,0.2963056044232219,0,0,345781,0.14615384615384616,False,True
772,0,3,"Jensen, Mr. Niels Peder",0,0.5978889168132696,0,0,350047,0.12083384615384615,False,True
773,0,2,"Mack, Mrs. (Mary)",1,0.7109826589595376,0,0,S.O./P.P. 3,0.16153846153846155,False,True
774,0,3,"Elias, Mr. Dibo",0,0.3465694898215632,0,0,2674,0.11115384615384614,False,False
775,1,2,"Hocking, Mrs. Elizabeth (Eliza Needs)",1,0.6732847449107816,1,3,29105,0.35384615384615387,False,True
776,0,3,"Myhrman, Mr. Pehr Fabian Oliver Malkolm",0,0.22090977632570996,0,0,347078,0.11923076923076924,False,True
777,0,3,"Tobin, Mr. Roger",0,0.3465694898215632,0,0,383121,0.11923076923076924,True,False
778,1,3,"Emanuel, Miss. Virginia Ethel",1,0.05755214878110078,0,0,364516,0.19192307692307692,False,True
779,0,3,"Kilgannon, Mr. Thomas J",0,0.3465694898215632,0,0,36865,0.11903846153846154,True,False
781,1,3,"Ayoub, Miss. Banoura",1,0.15807991957778336,0,0,2687,0.11121846153846153,False,False
782,1,1,"Dick, Mrs. Albert Adrian (Vera Gillespie)",1,0.20834380497612465,1,0,17474,0.8769230769230769,False,True
783,0,1,"Long, Mr. Milton Clyde",0,0.35913546117114853,0,0,113501,0.46153846153846156,False,True
784,0,3,"Johnston, Mr. Andrew G",0,0.3465694898215632,1,2,W./C. 6607,0.36076923076923073,False,True
785,0,3,"Ali, Mr. William",0,0.3088715757728072,0,0,SOTON/O.Q. 3101312,0.10846153846153846,False,True
786,0,3,"Harmer, Mr. Abraham (David Lishin)",0,0.3088715757728072,0,0,374887,0.11153846153846154,False,True
787,1,3,"Sjoblom, Miss. Anna Sofia",1,0.22090977632570996,0,0,3101265,0.11532,False,True
788,0,3,"Rice, Master. George Hugh",0,0.09525006282985675,4,1,382652,0.4480769230769231,True,False
789,1,3,"Dean, Master. Bertram Vere",0,0.007288263382759489,1,2,C.A. 2315,0.31653846153846155,False,True
791,0,3,"Keane, Mr. Andrew ""Andy""",0,0.3465694898215632,0,0,12460,0.11923076923076924,True,False
792,0,2,"Gaskell, Mr. Alfred",0,0.19577783362653933,0,0,239865,0.4,False,True
794,0,1,"Hoyt, Mr. William Fisher",0,0.3465694898215632,0,0,PC 17600,0.4722430769230769,False,False
795,0,3,"Dantcheff, Mr. Ristiu",0,0.3088715757728072,0,0,349203,0.12147384615384615,False,True
796,0,2,"Otter, Mr. Richard",0,0.4847951746670017,0,0,28213,0.2,False,True
797,1,1,"Leader, Dr. Alice (Farnham)",1,0.610454888162855,0,0,17465,0.39891076923076924,False,True
798,1,3,"Osman, Mrs. Mara",1,0.38426740387031916,0,0,349244,0.13358923076923077,False,True
799,0,3,"Ibrahim Shawah, Mr. Yousseff",0,0.37170143252073384,0,0,2685,0.11121846153846153,False,False
800,0,3,"Van Impe, Mrs. Jean Baptiste (Rosalie Paula Govaert)",1,0.37170143252073384,1,1,345773,0.37153846153846154,False,True
801,0,2,"Ponesell, Mr. Martin",0,0.42196531791907516,0,0,250647,0.2,False,True
802,1,2,"Collyer, Mrs. Harvey (Charlotte Annie Tate)",1,0.38426740387031916,1,1,C.A. 31921,0.40384615384615385,False,True
804,1,3,"Thomas, Master. Assad Alexander",0,0.0,0,1,2625,0.13102615384615385,False,False
805,1,3,"Hedman, Mr. Oskar Arvid",0,0.33400351847197784,0,0,347089,0.1073076923076923,False,True
806,0,3,"Johansson, Mr. Karl Johan",0,0.38426740387031916,0,0,347063,0.11961538461538462,False,True
807,0,1,"Andrews, Mr. Thomas Jr",0,0.4847951746670017,0,0,112050,0.0,False,True
808,0,3,"Pettersson, Miss. Ellen Natalia",1,0.22090977632570996,0,0,347087,0.11961538461538462,False,True
809,0,2,"Meyer, Mr. August",0,0.4847951746670017,0,0,248723,0.2,False,True
810,1,1,"Chambers, Mrs. Norman Campbell (Bertha Griggs)",1,0.4093993465694898,1,0,113806,0.816923076923077,False,True
811,0,3,"Alexander, Mr. William",0,0.32143754712239253,0,0,3474,0.12134615384615385,False,True
812,0,3,"Lester, Mr. James",0,0.4847951746670017,0,0,A/4 48871,0.37153846153846154,False,True
813,0,2,"Slemen, Mr. Richard James",0,0.43453128926866047,0,0,28206,0.16153846153846155,False,True
814,0,3,"Andersson, Miss. Ebba Iris Alfrida",1,0.0701181201306861,4,2,347082,0.48115384615384615,False,True
815,0,3,"Tomlin, Mr. Ernest Portage",0,0.37798441819552653,0,0,364499,0.12384615384615386,False,True
816,0,1,"Fry, Mr. Richard",0,0.3465694898215632,0,0,112058,0.0,False,True
817,0,3,"Heininen, Miss. Wendla Maria",1,0.2837396330736366,0,0,STON/O2. 3101290,0.12192307692307693,False,True
818,0,2,"Mallet, Mr. Albert",0,0.38426740387031916,1,1,S.C./PARIS 2079,0.5692953846153845,False,False
819,0,3,"Holm, Mr. John Fredrik Alexander",0,0.5350590600653431,0,0,C 7075,0.09923076923076923,False,True
820,0,3,"Skoog, Master. Karl Thorsten",0,0.12038200552902739,3,2,347088,0.4292307692307692,False,True
822,1,3,"Lulic, Mr. Nikola",0,0.33400351847197784,0,0,315098,0.13326923076923075,False,True
823,0,1,"Reuchlin, Jonkheer. John George",0,0.4722292033174164,0,0,19972,0.0,False,True
824,1,3,"Moor, Mrs. (Beila)",1,0.33400351847197784,0,1,392096,0.19192307692307692,False,True
825,0,3,"Panula, Master. Urho Abraham",0,0.01985423473234481,4,1,3101295,0.6105769230769231,False,True
826,0,3,"Flynn, Mr. John",0,0.3465694898215632,0,0,368323,0.10692307692307693,True,False
827,0,3,"Lam, Mr. Len",0,0.3465694898215632,0,0,1601,0.8691661538461539,False,True
828,1,2,"Mallet, Master. Andre",0,0.007288263382759489,0,2,S.C./PARIS 2079,0.5692953846153845,False,False
829,1,3,"McCormack, Mr. Thomas Joseph",0,0.3465694898215632,0,0,367228,0.11923076923076924,True,False
831,1,3,"Yasbeck, Mrs. Antoni (Selini Alexander)",1,0.18321186227695402,1,0,2659,0.2223723076923077,False,False
832,1,2,"Richards, Master. George Sibley",0,0.005152048253329982,1,1,29106,0.28846153846153844,False,True
833,0,3,"Saad, Mr. Amin",0,0.3465694898215632,0,0,2671,0.11121846153846153,False,False
834,0,3,"Augustsson, Mr. Albert",0,0.2837396330736366,0,0,347468,0.12083384615384615,False,True
835,0,3,"Allum, Mr. Owen George",0,0.22090977632570996,0,0,2223,0.12769230769230772,False,True
837,0,3,"Pasic, Mr. Jakob",0,0.2586076903744659,0,0,315097,0.13326923076923075,False,True
838,0,3,"Sirota, Mr. Maurice",0,0.3465694898215632,0,0,392092,0.12384615384615386,False,True
839,1,3,"Chip, Mr. Chang",0,0.39683337521990447,0,0,1601,0.8691661538461539,False,True
840,1,1,"Marechal, Mr. Pierre",0,0.3465694898215632,0,0,11774,0.45692307692307693,False,False
841,0,3,"Alhomaki, Mr. Ilmari Rudolf",0,0.24604171902488062,0,0,SOTON/O2 3101287,0.12192307692307693,False,True
842,0,2,"Mudd, Mr. Thomas Charles",0,0.19577783362653933,0,0,S.O./P.P. 3,0.16153846153846155,False,True
843,1,1,"Serepeca, Miss. Augusta",1,0.37170143252073384,0,0,113798,0.47692307692307695,False,False
844,0,3,"Lemberopolous, Mr. Peter L",0,0.4282483035938678,0,0,2683,0.09903846153846153,False,False
845,0,3,"Culumovic, Mr. Jeso",0,0.20834380497612465,0,0,315090,0.13326923076923075,False,True
846,0,3,"Abbing, Mr. Anthony",0,0.5224930887157577,0,0,C.A. 5547,0.11615384615384615,False,True
848,0,3,"Markoff, Mr. Marin",0,0.43453128926866047,0,0,349213,0.12147384615384615,False,False
849,0,2,"Harper, Rev. John",0,0.3465694898215632,0,1,248727,0.5076923076923077,False,True
851,0,3,"Andersson, Master. Sigvard Harald Elias",0,0.04498617743151546,4,2,347082,0.48115384615384615,False,True
852,0,3,"Svensson, Mr. Johan",0,0.9246041719024881,0,0,347060,0.11961538461538462,False,True
853,0,3,"Boulos, Miss. Nourelain",1,0.10781603417944208,1,1,2678,0.23455076923076923,False,False
854,1,1,"Lines, Miss. Mary Conover",1,0.19577783362653933,0,1,PC 17592,0.6061538461538462,False,True
855,0,2,"Carter, Mrs. Ernest Courtenay (Lilian Hughes)",1,0.5476250314149284,1,0,244252,0.4,False,True
856,1,3,"Aks, Mrs. Sam (Leah Rosen)",1,0.22090977632570996,0,1,392091,0.14384615384615385,False,True
858,1,1,"Daly, Mr. Peter Denis ",0,0.6355868308620256,0,0,113055,0.4084615384615385,False,True
859,1,3,"Baclini, Mrs. Solomon (Latifa Qurban)",1,0.2963056044232219,0,3,2666,0.29628153846153843,False,False
860,0,3,"Razi, Mr. Raihed",0,0.3465694898215632,0,0,2629,0.11121846153846153,False,False
861,0,3,"Hansen, Mr. Claus Peter",0,0.5099271173661724,2,0,350026,0.21705076923076924,False,True
862,0,2,"Giles, Mr. Frederick Edward",0,0.2586076903744659,1,0,28134,0.17692307692307693,False,True
863,1,1,"Swift, Mrs. Frederick Joel (Margaret Welles Barron)",1,0.5978889168132696,0,0,17466,0.39891076923076924,False,True
865,0,2,"Gill, Mr. John William",0,0.2963056044232219,0,0,233866,0.2,False,True
866,1,2,"Bystrom, Mrs. (Karolina)",1,0.5224930887157577,0,0,236852,0.2,False,True
867,1,2,"Duran y More, Miss. Asuncion",1,0.33400351847197784,1,0,SC/PARIS 2149,0.21320461538461538,False,False
868,0,1,"Roebling, Mr. Washington Augustus II",0,0.38426740387031916,0,0,PC 17590,0.7768584615384616,False,True
869,0,3,"van Melkebeke, Mr. Philemon",0,0.3465694898215632,0,0,345777,0.14615384615384616,False,True
870,1,3,"Johnson, Master. Harold Theodor",0,0.04498617743151546,1,1,347742,0.17128153846153846,False,True
871,0,3,"Balkic, Mr. Cerin",0,0.32143754712239253,0,0,349248,0.12147384615384615,False,True
872,1,1,"Beckwith, Mrs. Richard Leonard (Sallie Monypeny)",1,0.5853229454636844,1,1,11751,0.8085261538461539,False,True
873,0,1,"Carlsson, Mr. Frans Olof",0,0.4093993465694898,0,0,695,0.07692307692307693,False,True
874,0,3,"Vander Cruyssen, Mr. Victor",0,0.5853229454636844,0,0,345765,0.13846153846153847,False,True
875,1,2,"Abelson, Mrs. Samuel (Hannah Wizosky)",1,0.3465694898215632,1,0,P/PP 3381,0.36923076923076925,False,False
876,1,3,"Najib, Miss. Adele Kiamie ""Jane""",1,0.18321186227695402,0,0,2667,0.11115384615384614,False,False
877,0,3,"Gustafsson, Mr. Alfred Ossian",0,0.24604171902488062,0,0,7534,0.15147384615384615,False,True
878,0,3,"Petroff, Mr. Nedelio",0,0.23347574767529528,0,0,349212,0.12147384615384615,False,True
879,0,3,"Laleff, Mr. Kristo",0,0.3465694898215632,0,0,349217,0.12147384615384615,False,True
881,1,2,"Shelley, Mrs. William (Imanita Parrish Hall)",1,0.3088715757728072,0,1,230433,0.4,False,True
882,0,3,"Markun, Mr. Johann",0,0.4093993465694898,0,0,349257,0.12147384615384615,False,True
883,0,3,"Dahlberg, Miss. Gerda Ulrika",1,0.2711736617240513,0,0,7552,0.16179538461538462,False,True
884,0,2,"Banfield, Mr. Frederick James",0,0.3465694898215632,0,0,C.A./SOTON 34068,0.16153846153846155,False,True
885,0,3,"Sutehall, Mr. Henry Jr",0,0.3088715757728072,0,0,SOTON/OQ 392076,0.10846153846153846,False,True
886,0,3,"Rice, Mrs. William (Margaret Norton)",1,0.4847951746670017,0,5,382652,0.4480769230769231,True,False
887,0,2,"Montvila, Rev. Juozas",0,0.33400351847197784,0,0,211536,0.2,False,True
888,1,1,"Graham, Miss. Margaret Edith",1,0.23347574767529528,0,0,112053,0.46153846153846156,False,True
889,0,3,"Johnston, Miss. Catherine Helen ""Carrie""",1,0.3465694898215632,1,2,W./C. 6607,0.36076923076923073,False,True
890,1,1,"Behr, Mr. Karl Howell",0,0.32143754712239253,0,0,111369,0.46153846153846156,False,False
891,0,3,"Dooley, Mr. Patrick",0,0.39683337521990447,0,0,370376,0.11923076923076924,True,False
